timestamp_ms,open,high,low,close,volume
1700000000000,100.000000,100.047799,99.832355,99.955158,0
1700000060000,99.955158,100.132391,99.923807,100.112046,0
1700000120000,100.112046,100.190885,100.044010,100.190885,0
1700000180000,100.190885,100.274424,100.095014,100.132505,0
1700000240000,100.132505,100.210212,100.034010,100.102938,0
1700000300000,100.102938,100.125803,99.889995,99.889995,0
1700000360000,99.889995,99.889995,99.648630,99.682126,0
1700000420000,99.682126,99.807287,99.557722,99.747981,0
1700000480000,99.747981,99.801379,99.478712,99.659070,0
1700000540000,99.659070,99.659070,99.451635,99.511160,0
1700000600000,99.511160,99.554399,99.387057,99.395634,0
1700000660000,99.395634,99.746957,99.395634,99.738005,0
1700000720000,99.738005,99.819635,99.612179,99.612179,0
1700000780000,99.612179,99.635805,99.492518,99.549178,0
1700000840000,99.549178,99.784044,99.437481,99.437481,0
1700000900000,99.437481,99.478336,99.216436,99.455717,0
1700000960000,99.455717,99.477340,99.342510,99.423986,0
1700001020000,99.423986,99.623712,99.419149,99.542627,0
1700001080000,99.542627,99.591236,99.369413,99.421933,0
1700001140000,99.421933,99.763331,99.349944,99.704572,0
1700001200000,99.704572,99.957406,99.704572,99.753853,0
1700001260000,99.753853,99.829702,99.647927,99.782088,0
1700001320000,99.782088,99.910223,99.753607,99.832032,0
1700001380000,99.832032,100.198225,99.832032,100.055349,0
1700001440000,100.055349,100.055349,99.790772,99.896323,0
1700001500000,99.896323,99.966837,99.578542,99.611525,0
1700001560000,99.611525,99.800642,99.593348,99.641620,0
1700001620000,99.641620,99.641620,99.447676,99.505670,0
1700001680000,99.505670,99.857017,99.505670,99.621609,0
1700001740000,99.621609,99.764135,99.528543,99.764135,0
1700001800000,99.764135,99.954501,99.764135,99.954501,0
1700001860000,99.954501,99.954501,99.499555,99.544465,0
1700001920000,99.544465,99.818087,99.544465,99.818087,0
1700001980000,99.818087,99.909110,99.544515,99.547921,0
1700002040000,99.547921,99.718537,99.487330,99.503714,0
1700002100000,99.503714,99.562877,99.389047,99.389047,0
1700002160000,99.389047,99.523068,99.277938,99.355943,0
1700002220000,99.355943,99.446463,99.215030,99.302496,0
1700002280000,99.302496,99.302496,99.053895,99.105087,0
1700002340000,99.105087,99.184184,98.974031,99.028683,0
1700002400000,99.028683,99.174867,98.954717,99.165094,0
1700002460000,99.165094,99.190924,98.731429,98.783633,0
1700002520000,98.783633,99.066804,98.683384,99.066804,0
1700002580000,99.066804,99.073578,98.654345,98.654345,0
1700002640000,98.654345,98.706111,98.462671,98.462671,0
1700002700000,98.462671,98.513483,98.282235,98.358670,0
1700002760000,98.358670,98.436639,98.212551,98.300545,0
1700002820000,98.300545,98.722863,98.250666,98.611558,0
1700002880000,98.611558,98.904522,98.548474,98.904522,0
1700002940000,98.904522,98.919579,98.700235,98.854312,0
1700003000000,98.854312,98.912774,98.757730,98.773111,0
1700003060000,98.773111,98.778806,98.441574,98.537965,0
1700003120000,98.537965,98.911912,98.366604,98.911912,0
1700003180000,98.911912,98.981370,98.795799,98.799948,0
1700003240000,98.799948,98.806742,98.484292,98.484292,0
1700003300000,98.484292,98.542080,98.121619,98.173114,0
1700003360000,98.173114,98.211216,98.045812,98.070703,0
1700003420000,98.070703,98.336219,98.067438,98.259653,0
1700003480000,98.259653,98.622223,98.248242,98.622223,0
1700003540000,98.622223,98.636492,98.199287,98.373035,0
1700003600000,98.373035,98.459046,98.255357,98.255357,0
1700003660000,98.255357,98.310130,98.189154,98.310130,0
1700003720000,98.310130,98.587698,98.310130,98.569222,0
1700003780000,98.569222,98.635413,98.399934,98.513238,0
1700003840000,98.513238,98.513238,98.284333,98.472939,0
1700003900000,98.472939,98.513301,98.337094,98.467451,0
1700003960000,98.467451,98.626298,98.467451,98.557833,0
1700004020000,98.557833,98.713982,98.423149,98.548771,0
1700004080000,98.548771,98.967805,98.537954,98.967805,0
1700004140000,98.967805,99.021468,98.841849,98.954774,0
1700004200000,98.954774,98.993611,98.781847,98.905659,0
1700004260000,98.905659,98.991384,98.750914,98.948090,0
1700004320000,98.948090,99.046785,98.600753,98.810956,0
1700004380000,98.810956,98.810956,98.427199,98.461031,0
1700004440000,98.461031,98.759877,98.377216,98.674591,0
1700004500000,98.674591,98.674591,98.361307,98.361307,0
1700004560000,98.361307,98.361307,98.103165,98.250094,0
1700004620000,98.250094,98.434250,98.173335,98.325056,0
1700004680000,98.325056,98.462326,98.239995,98.440315,0
1700004740000,98.440315,98.670588,98.391052,98.659832,0
1700004800000,98.659832,98.718730,98.500429,98.556478,0
1700004860000,98.556478,98.556478,97.975555,98.014977,0
1700004920000,98.014977,98.127938,97.966123,97.966123,0
1700004980000,97.966123,98.207453,97.851837,98.174480,0
1700005040000,98.174480,98.342898,98.123815,98.266829,0
1700005100000,98.266829,98.368658,98.195001,98.292657,0
1700005160000,98.292657,98.475859,98.176152,98.248701,0
1700005220000,98.248701,98.293240,98.152878,98.282167,0
1700005280000,98.282167,98.681660,98.281734,98.681660,0
1700005340000,98.681660,98.800920,98.397010,98.452170,0
1700005400000,98.452170,98.648457,98.368781,98.642824,0
1700005460000,98.642824,98.914264,98.621355,98.682249,0
1700005520000,98.682249,98.762740,98.552696,98.694962,0
1700005580000,98.694962,98.719990,98.410569,98.492059,0
1700005640000,98.492059,98.579665,98.327523,98.327523,0
1700005700000,98.327523,98.327523,98.087291,98.202514,0
1700005760000,98.202514,98.287144,98.082658,98.082658,0
1700005820000,98.082658,98.082658,97.730230,97.738150,0
1700005880000,97.738150,97.773817,97.513825,97.573788,0
1700005940000,97.573788,97.573788,97.170560,97.262923,0
1700006000000,97.262923,97.392838,97.260251,97.359946,0
1700006060000,97.359946,97.617606,97.359946,97.517567,0
1700006120000,97.517567,97.590561,97.333335,97.390269,0
1700006180000,97.390269,97.425923,97.237933,97.425923,0
1700006240000,97.425923,97.483976,97.297392,97.314248,0
1700006300000,97.314248,97.314248,96.990551,97.010446,0
1700006360000,97.010446,97.103079,96.841786,96.841786,0
1700006420000,96.841786,96.872829,96.686212,96.767371,0
1700006480000,96.767371,96.772732,96.577696,96.610160,0
1700006540000,96.610160,96.761213,96.485567,96.714764,0
1700006600000,96.714764,96.714764,96.418809,96.624273,0
1700006660000,96.624273,96.629559,96.464474,96.516030,0
1700006720000,96.516030,96.529246,96.235262,96.258192,0
1700006780000,96.258192,96.306353,96.102426,96.229150,0
1700006840000,96.229150,96.388960,96.186836,96.345561,0
1700006900000,96.345561,96.360140,96.054020,96.075890,0
1700006960000,96.075890,96.245732,96.049113,96.218700,0
1700007020000,96.218700,96.218700,95.992687,96.065885,0
1700007080000,96.065885,96.066182,95.677785,95.751687,0
1700007140000,95.751687,95.781332,95.452266,95.452266,0
1700007200000,95.452266,95.452266,95.206743,95.283140,0
1700007260000,95.283140,95.283140,94.714232,94.823347,0
1700007320000,94.823347,94.823347,94.533431,94.563444,0
1700007380000,94.563444,94.640300,94.523791,94.602760,0
1700007440000,94.602760,94.635743,94.422656,94.635743,0
1700007500000,94.635743,94.768610,94.544974,94.768610,0
1700007560000,94.768610,94.786843,94.510254,94.548765,0
1700007620000,94.548765,94.759236,94.548765,94.665539,0
1700007680000,94.665539,94.830752,94.572893,94.685261,0
1700007740000,94.685261,94.731716,94.331571,94.331571,0
1700007800000,94.331571,94.498129,94.314623,94.498129,0
1700007860000,94.498129,94.539283,94.364299,94.416128,0
1700007920000,94.416128,94.639567,94.416128,94.614785,0
1700007980000,94.614785,94.997177,94.614785,94.997177,0
1700008040000,94.997177,94.997177,94.859000,94.872374,0
1700008100000,94.872374,95.116222,94.802882,94.825530,0
1700008160000,94.825530,94.995132,94.749495,94.861125,0
1700008220000,94.861125,94.861125,94.645239,94.714526,0
1700008280000,94.714526,94.952398,94.714526,94.740991,0
1700008340000,94.740991,94.874342,94.680719,94.680719,0
1700008400000,94.680719,94.738936,94.475124,94.475124,0
1700008460000,94.475124,94.579775,94.365625,94.365625,0
1700008520000,94.365625,94.512344,94.209116,94.512344,0
1700008580000,94.512344,94.816221,94.483554,94.525528,0
1700008640000,94.525528,94.957608,94.519674,94.944771,0
1700008700000,94.944771,95.079175,94.881328,94.885344,0
1700008760000,94.885344,95.219923,94.885344,95.219923,0
1700008820000,95.219923,95.500033,95.067155,95.481518,0
1700008880000,95.481518,95.483654,95.265921,95.265921,0
1700008940000,95.265921,95.298509,94.994093,95.022058,0
1700009000000,95.022058,95.060802,94.650445,94.767256,0
1700009060000,94.767256,94.788784,94.519770,94.765345,0
1700009120000,94.765345,94.854228,94.618592,94.814673,0
1700009180000,94.814673,94.889989,94.472003,94.472003,0
1700009240000,94.472003,94.476769,94.339747,94.372479,0
1700009300000,94.372479,94.686868,94.372479,94.686868,0
1700009360000,94.686868,94.989656,94.551435,94.989656,0
1700009420000,94.989656,95.131166,94.989656,95.110172,0
1700009480000,95.110172,95.281763,95.110172,95.281763,0
1700009540000,95.281763,95.337809,94.974722,95.153666,0
1700009600000,95.153666,95.524797,95.153666,95.524797,0
1700009660000,95.524797,95.825946,95.439837,95.825946,0
1700009720000,95.825946,95.900939,95.747541,95.800926,0
1700009780000,95.800926,95.840556,95.567143,95.672214,0
1700009840000,95.672214,95.805061,95.638392,95.777033,0
1700009900000,95.777033,95.953221,95.708793,95.804511,0
1700009960000,95.804511,95.817357,95.539145,95.640807,0
1700010020000,95.640807,95.779999,95.587161,95.587161,0
1700010080000,95.587161,95.648684,95.426543,95.631564,0
1700010140000,95.631564,95.652364,95.491178,95.505395,0
1700010200000,95.505395,95.575409,95.313884,95.353765,0
1700010260000,95.353765,95.524972,95.297543,95.506173,0
1700010320000,95.506173,95.552440,95.313227,95.396789,0
1700010380000,95.396789,95.726303,95.396789,95.726303,0
1700010440000,95.726303,95.828235,95.697944,95.797404,0
1700010500000,95.797404,95.873328,95.610183,95.610183,0
1700010560000,95.610183,95.795415,95.540295,95.795415,0
1700010620000,95.795415,96.018767,95.794208,95.879718,0
1700010680000,95.879718,96.152376,95.879718,96.152376,0
1700010740000,96.152376,96.168379,95.674086,95.693051,0
1700010800000,95.693051,95.886896,95.693051,95.707017,0
1700010860000,95.707017,95.757899,95.660910,95.757899,0
1700010920000,95.757899,95.924311,95.650894,95.865678,0
1700010980000,95.865678,95.899048,95.647083,95.786279,0
1700011040000,95.786279,95.978662,95.673371,95.806466,0
1700011100000,95.806466,95.828278,95.648516,95.817213,0
1700011160000,95.817213,96.114773,95.744448,96.114773,0
1700011220000,96.114773,96.431919,96.108490,96.278277,0
1700011280000,96.278277,96.442026,96.265262,96.339411,0
1700011340000,96.339411,96.367284,96.238058,96.289651,0
1700011400000,96.289651,96.477720,96.269719,96.308885,0
1700011460000,96.308885,96.541277,96.217250,96.541277,0
1700011520000,96.541277,96.563833,96.252002,96.252002,0
1700011580000,96.252002,96.546713,96.252002,96.546713,0
1700011640000,96.546713,96.722580,96.486758,96.582779,0
1700011700000,96.582779,96.739093,96.582779,96.599267,0
1700011760000,96.599267,97.117160,96.599267,97.073031,0
1700011820000,97.073031,97.149337,97.019643,97.028350,0
1700011880000,97.028350,97.112100,96.926228,96.984373,0
1700011940000,96.984373,97.017843,96.596957,96.626254,0
1700012000000,96.626254,96.814321,96.598542,96.814321,0
1700012060000,96.814321,97.039172,96.743369,96.816431,0
1700012120000,96.816431,96.964312,96.764393,96.858017,0
1700012180000,96.858017,96.988488,96.858017,96.976060,0
1700012240000,96.976060,96.976060,96.532038,96.532038,0
1700012300000,96.532038,96.702478,96.532038,96.626912,0
1700012360000,96.626912,97.082712,96.624009,97.019075,0
1700012420000,97.019075,97.206523,97.010626,97.206523,0
1700012480000,97.206523,97.206523,96.902111,97.058919,0
1700012540000,97.058919,97.058919,96.751083,96.759095,0
1700012600000,96.759095,96.759095,96.367119,96.367119,0
1700012660000,96.367119,96.440964,96.166465,96.166465,0
1700012720000,96.166465,96.166465,95.908356,96.022593,0
1700012780000,96.022593,96.046286,95.778094,95.896386,0
1700012840000,95.896386,96.221318,95.896386,96.216571,0
1700012900000,96.216571,96.492355,96.216571,96.451542,0
1700012960000,96.451542,96.462940,96.250679,96.372551,0
1700013020000,96.372551,96.631804,96.304502,96.631804,0
1700013080000,96.631804,96.786708,96.506387,96.729114,0
1700013140000,96.729114,96.856009,96.729114,96.838498,0
1700013200000,96.838498,96.838498,96.619478,96.724313,0
1700013260000,96.724313,96.877746,96.724313,96.775120,0
1700013320000,96.775120,96.927045,96.742692,96.869374,0
1700013380000,96.869374,97.025236,96.869374,97.019578,0
1700013440000,97.019578,97.303155,97.019578,97.236158,0
1700013500000,97.236158,97.506069,97.236158,97.369688,0
1700013560000,97.369688,97.627861,97.340003,97.627861,0
1700013620000,97.627861,97.627861,97.400737,97.450914,0
1700013680000,97.450914,97.808796,97.450914,97.779456,0
1700013740000,97.779456,97.779456,97.479189,97.524522,0
1700013800000,97.524522,97.658424,97.408617,97.519184,0
1700013860000,97.519184,97.519184,97.245640,97.315048,0
1700013920000,97.315048,97.557533,97.231931,97.557533,0
1700013980000,97.557533,97.735563,97.481753,97.512553,0
1700014040000,97.512553,97.649151,97.430683,97.430683,0
1700014100000,97.430683,97.705615,97.409050,97.659884,0
1700014160000,97.659884,97.659884,97.424514,97.621233,0
1700014220000,97.621233,97.638192,97.295329,97.303069,0
1700014280000,97.303069,97.472666,97.278495,97.459290,0
1700014340000,97.459290,97.562889,97.393184,97.532342,0
1700014400000,97.532342,97.626972,97.410256,97.410256,0
1700014460000,97.410256,97.410256,97.215529,97.310392,0
1700014520000,97.310392,97.310392,97.073401,97.115731,0
1700014580000,97.115731,97.115731,96.662668,96.712313,0
1700014640000,96.712313,96.752364,96.431207,96.460938,0
1700014700000,96.460938,96.521830,96.296821,96.432256,0
1700014760000,96.432256,96.692415,96.432256,96.672658,0
1700014820000,96.672658,96.672658,96.476786,96.476786,0
1700014880000,96.476786,96.499554,96.321753,96.404022,0
1700014940000,96.404022,96.404022,96.173738,96.173738,0
1700015000000,96.173738,96.581491,96.173738,96.576032,0
1700015060000,96.576032,96.707352,96.397477,96.397477,0
1700015120000,96.397477,96.533404,96.327921,96.327921,0
1700015180000,96.327921,96.562166,96.319396,96.500362,0
1700015240000,96.500362,96.529158,96.126095,96.126095,0
1700015300000,96.126095,96.260715,96.108600,96.108600,0
1700015360000,96.108600,96.363175,96.108600,96.363175,0
1700015420000,96.363175,96.391536,96.278204,96.361090,0
1700015480000,96.361090,96.464728,96.249189,96.446372,0
1700015540000,96.446372,96.561063,96.406312,96.561063,0
1700015600000,96.561063,96.561063,96.284750,96.284750,0
1700015660000,96.284750,96.462563,96.175418,96.462563,0
1700015720000,96.462563,96.503593,96.179881,96.405663,0
1700015780000,96.405663,96.949475,96.405663,96.891687,0
1700015840000,96.891687,97.253216,96.858297,97.253216,0
1700015900000,97.253216,97.254730,97.072778,97.120407,0
1700015960000,97.120407,97.233799,97.036074,97.088760,0
1700016020000,97.088760,97.235072,97.088760,97.114327,0
1700016080000,97.114327,97.135232,96.988259,97.071285,0
1700016140000,97.071285,97.218913,97.071285,97.218913,0
1700016200000,97.218913,97.253730,97.055208,97.212164,0
1700016260000,97.212164,97.219532,96.930899,96.930899,0
1700016320000,96.930899,96.935209,96.755304,96.815208,0
1700016380000,96.815208,96.844205,96.540622,96.639149,0
1700016440000,96.639149,96.740715,96.470737,96.470737,0
1700016500000,96.470737,96.544813,96.412887,96.458651,0
1700016560000,96.458651,96.709496,96.371363,96.371363,0
1700016620000,96.371363,96.567088,96.267274,96.288627,0
1700016680000,96.288627,96.417446,96.242773,96.387707,0
1700016740000,96.387707,96.665235,96.387707,96.665235,0
1700016800000,96.665235,96.798850,96.621960,96.621960,0
1700016860000,96.621960,96.621960,96.399946,96.433485,0
1700016920000,96.433485,96.548241,96.385577,96.394672,0
1700016980000,96.394672,96.574146,96.360739,96.397597,0
1700017040000,96.397597,96.564406,96.296043,96.503735,0
1700017100000,96.503735,96.624926,96.385464,96.624926,0
1700017160000,96.624926,96.684929,96.440863,96.684929,0
1700017220000,96.684929,96.985992,96.682385,96.985992,0
1700017280000,96.985992,97.011971,96.827093,96.976702,0
1700017340000,96.976702,97.096802,96.454123,96.454123,0
1700017400000,96.454123,96.540339,96.408583,96.458360,0
1700017460000,96.458360,96.597685,96.242915,96.414619,0
1700017520000,96.414619,96.582869,96.307700,96.307700,0
1700017580000,96.307700,96.446326,96.269766,96.348286,0
1700017640000,96.348286,96.503387,96.348286,96.503387,0
1700017700000,96.503387,96.503387,96.267116,96.267116,0
1700017760000,96.267116,96.321814,96.127948,96.181637,0
1700017820000,96.181637,96.486511,96.137200,96.486511,0
1700017880000,96.486511,96.501119,96.288902,96.322139,0
1700017940000,96.322139,96.325413,96.078199,96.136835,0
1700018000000,96.136835,96.219272,96.036713,96.036713,0
1700018060000,96.036713,96.147902,95.855242,95.855242,0
1700018120000,95.855242,95.855242,95.414834,95.529456,0
1700018180000,95.529456,95.567751,95.317555,95.401946,0
1700018240000,95.401946,95.413074,95.172772,95.217487,0
1700018300000,95.217487,95.327156,95.120136,95.120136,0
1700018360000,95.120136,95.313485,95.103494,95.225605,0
1700018420000,95.225605,95.259841,95.129890,95.255613,0
1700018480000,95.255613,95.474589,95.255613,95.288851,0
1700018540000,95.288851,95.573023,95.281170,95.457440,0
1700018600000,95.457440,95.467835,95.137541,95.137541,0
1700018660000,95.137541,95.237278,95.137541,95.158873,0
1700018720000,95.158873,95.194670,94.969996,94.990165,0
1700018780000,94.990165,95.002879,94.815222,94.815222,0
1700018840000,94.815222,94.815222,94.601554,94.601554,0
1700018900000,94.601554,94.601815,94.394696,94.545309,0
1700018960000,94.545309,94.545309,94.353915,94.396709,0
1700019020000,94.396709,94.597400,94.396709,94.496989,0
1700019080000,94.496989,94.671083,94.429153,94.655280,0
1700019140000,94.655280,94.820935,94.618372,94.808909,0
1700019200000,94.808909,94.880363,94.705964,94.731445,0
1700019260000,94.731445,94.772891,94.554398,94.627417,0
1700019320000,94.627417,94.725048,94.342074,94.342074,0
1700019380000,94.342074,94.714239,94.342074,94.703835,0
1700019440000,94.703835,94.835024,94.648546,94.740644,0
1700019500000,94.740644,94.752599,94.339837,94.339837,0
1700019560000,94.339837,94.561257,94.302923,94.486278,0
1700019620000,94.486278,94.790166,94.447068,94.790166,0
1700019680000,94.790166,95.015621,94.759454,94.977484,0
1700019740000,94.977484,94.977484,94.695088,94.788662,0
1700019800000,94.788662,94.995022,94.681505,94.995022,0
1700019860000,94.995022,95.282434,94.931329,95.186433,0
1700019920000,95.186433,95.350756,95.159987,95.296061,0
1700019980000,95.296061,95.656477,95.296061,95.559996,0
1700020040000,95.559996,95.594995,95.467582,95.472870,0
1700020100000,95.472870,95.851444,95.448927,95.851444,0
1700020160000,95.851444,96.012335,95.823627,95.890849,0
1700020220000,95.890849,95.894386,95.773578,95.815962,0
1700020280000,95.815962,95.971202,95.763985,95.874467,0
1700020340000,95.874467,96.008645,95.838931,95.877605,0
1700020400000,95.877605,95.901621,95.789288,95.835263,0
1700020460000,95.835263,95.989999,95.746368,95.952790,0
1700020520000,95.952790,96.146497,95.876709,96.112666,0
1700020580000,96.112666,96.112666,95.703120,95.703120,0
1700020640000,95.703120,95.706669,95.484685,95.547969,0
1700020700000,95.547969,95.613036,95.520016,95.520016,0
1700020760000,95.520016,95.557967,95.333220,95.536731,0
1700020820000,95.536731,95.694395,95.476391,95.624571,0
1700020880000,95.624571,95.776905,95.578145,95.726404,0
1700020940000,95.726404,95.773808,95.661561,95.728387,0
1700021000000,95.728387,95.970233,95.728387,95.951484,0
1700021060000,95.951484,96.128278,95.891644,95.993135,0
1700021120000,95.993135,95.993135,95.767937,95.767937,0
1700021180000,95.767937,95.767937,95.566551,95.605794,0
1700021240000,95.605794,95.664328,95.509627,95.579571,0
1700021300000,95.579571,95.841704,95.454514,95.841704,0
1700021360000,95.841704,95.853624,95.681713,95.681713,0
1700021420000,95.681713,96.004444,95.681713,95.896312,0
1700021480000,95.896312,95.951342,95.716052,95.920612,0
1700021540000,95.920612,95.987261,95.701452,95.701452,0
1700021600000,95.701452,96.229483,95.701452,96.229483,0
1700021660000,96.229483,96.306393,96.105680,96.259309,0
1700021720000,96.259309,96.382557,96.238012,96.276107,0
1700021780000,96.276107,96.439079,96.200396,96.353769,0
1700021840000,96.353769,96.455523,96.171451,96.171451,0
1700021900000,96.171451,96.530369,96.129470,96.406362,0
1700021960000,96.406362,96.838504,96.406362,96.838504,0
1700022020000,96.838504,97.161495,96.784387,97.161495,0
1700022080000,97.161495,97.618299,97.161495,97.600993,0
1700022140000,97.600993,97.918101,97.600993,97.903701,0
1700022200000,97.903701,98.108308,97.861479,97.861479,0
1700022260000,97.861479,97.885897,97.588648,97.719469,0
1700022320000,97.719469,97.770707,97.543333,97.727544,0
1700022380000,97.727544,97.889858,97.710603,97.808178,0
1700022440000,97.808178,97.808178,97.487079,97.519145,0
1700022500000,97.519145,97.599268,97.276936,97.276936,0
1700022560000,97.276936,97.326849,97.098928,97.194429,0
1700022620000,97.194429,97.350867,97.194429,97.268591,0
1700022680000,97.268591,97.311363,97.187978,97.240436,0
1700022740000,97.240436,97.403931,97.114094,97.199776,0
1700022800000,97.199776,97.199776,96.898928,97.004228,0
1700022860000,97.004228,97.257869,96.980445,97.199099,0
1700022920000,97.199099,97.292373,97.100677,97.256888,0
1700022980000,97.256888,97.422401,97.157783,97.420309,0
1700023040000,97.420309,97.466756,97.211524,97.298856,0
1700023100000,97.298856,97.432824,97.262141,97.364321,0
1700023160000,97.364321,97.364321,97.057713,97.177302,0
1700023220000,97.177302,97.184064,97.059116,97.090005,0
1700023280000,97.090005,97.292001,97.079287,97.292001,0
1700023340000,97.292001,97.408042,97.240192,97.240192,0
1700023400000,97.240192,97.600172,97.240192,97.600172,0
1700023460000,97.600172,97.600172,97.318786,97.318786,0
1700023520000,97.318786,97.726575,97.318786,97.634924,0
1700023580000,97.634924,97.647599,97.412191,97.415469,0
1700023640000,97.415469,97.753310,97.415469,97.727050,0
1700023700000,97.727050,97.879701,97.611508,97.611508,0
1700023760000,97.611508,97.630479,97.516249,97.590613,0
1700023820000,97.590613,97.993766,97.590613,97.944574,0
1700023880000,97.944574,98.111893,97.898447,97.945575,0
1700023940000,97.945575,98.150798,97.945575,98.073611,0
1700024000000,98.073611,98.126768,97.822119,97.822119,0
1700024060000,97.822119,98.001331,97.822119,97.953828,0
1700024120000,97.953828,98.512770,97.943897,98.512367,0
1700024180000,98.512367,98.764418,98.490030,98.764418,0
1700024240000,98.764418,99.003516,98.679295,98.679295,0
1700024300000,98.679295,98.736910,98.510281,98.510281,0
1700024360000,98.510281,99.048794,98.508274,98.947809,0
1700024420000,98.947809,99.026936,98.693961,99.026936,0
1700024480000,99.026936,99.089891,98.858265,98.976141,0
1700024540000,98.976141,99.034778,98.734372,98.734372,0
1700024600000,98.734372,98.797851,98.633488,98.685629,0
1700024660000,98.685629,98.714528,98.454806,98.587424,0
1700024720000,98.587424,98.730833,98.561751,98.654445,0
1700024780000,98.654445,98.685212,98.474689,98.645960,0
1700024840000,98.645960,98.645960,98.449557,98.530730,0
1700024900000,98.530730,98.557964,98.197525,98.285842,0
1700024960000,98.285842,98.436015,98.210371,98.235653,0
1700025020000,98.235653,98.279182,98.006413,98.006413,0
1700025080000,98.006413,98.178303,98.006413,98.125096,0
1700025140000,98.125096,98.205604,97.946357,97.946357,0
1700025200000,97.946357,98.075630,97.887523,97.955555,0
1700025260000,97.955555,98.128222,97.947079,98.121158,0
1700025320000,98.121158,98.332786,98.050705,98.330442,0
1700025380000,98.330442,98.507702,98.330442,98.507702,0
1700025440000,98.507702,98.507702,98.214749,98.311930,0
1700025500000,98.311930,98.429539,98.288475,98.368748,0
1700025560000,98.368748,98.498592,98.176469,98.186565,0
1700025620000,98.186565,98.347480,98.175870,98.201977,0
1700025680000,98.201977,98.363409,98.051702,98.363409,0
1700025740000,98.363409,98.385651,98.279837,98.285846,0
1700025800000,98.285846,98.285846,98.060561,98.060561,0
1700025860000,98.060561,98.065084,97.831164,97.951444,0
1700025920000,97.951444,98.089811,97.770344,97.770344,0
1700025980000,97.770344,97.799985,97.535814,97.553364,0
1700026040000,97.553364,98.113707,97.553364,98.069005,0
1700026100000,98.069005,98.397225,97.953588,98.304772,0
1700026160000,98.304772,98.456698,98.177052,98.193582,0
1700026220000,98.193582,98.268998,97.909758,97.909758,0
1700026280000,97.909758,97.909758,97.720243,97.855147,0
1700026340000,97.855147,98.092437,97.855147,97.968108,0
1700026400000,97.968108,98.414689,97.925267,98.325873,0
1700026460000,98.325873,98.683339,98.325873,98.651059,0
1700026520000,98.651059,98.756692,98.548938,98.686813,0
1700026580000,98.686813,98.728164,98.591363,98.700917,0
1700026640000,98.700917,98.846324,98.632622,98.632622,0
1700026700000,98.632622,98.670763,98.466967,98.590508,0
1700026760000,98.590508,98.834700,98.525032,98.834700,0
1700026820000,98.834700,99.083261,98.834700,99.083261,0
1700026880000,99.083261,99.255697,99.015550,99.246323,0
1700026940000,99.246323,99.290902,99.080256,99.121529,0
1700027000000,99.121529,99.265964,99.030422,99.030422,0
1700027060000,99.030422,99.030422,98.820214,98.901394,0
1700027120000,98.901394,99.104640,98.812403,98.886648,0
1700027180000,98.886648,98.955073,98.772552,98.934282,0
1700027240000,98.934282,99.163331,98.934282,99.149136,0
1700027300000,99.149136,99.260406,99.066635,99.198756,0
1700027360000,99.198756,99.198756,98.936255,99.016881,0
1700027420000,99.016881,99.026567,98.691119,98.949099,0
1700027480000,98.949099,99.303566,98.897795,99.142425,0
1700027540000,99.142425,99.249578,99.023487,99.056739,0
1700027600000,99.056739,99.213049,98.985806,99.055069,0
1700027660000,99.055069,99.055069,98.720574,98.720574,0
1700027720000,98.720574,98.779136,98.636425,98.643574,0
1700027780000,98.643574,98.643574,98.260264,98.300297,0
1700027840000,98.300297,98.429784,98.239149,98.353613,0
1700027900000,98.353613,98.437500,98.213509,98.230132,0
1700027960000,98.230132,98.385388,98.230132,98.385388,0
1700028020000,98.385388,98.414748,98.107944,98.194607,0
1700028080000,98.194607,98.194607,97.763563,97.763563,0
1700028140000,97.763563,97.774830,97.524314,97.565135,0
1700028200000,97.565135,97.657139,97.436518,97.655111,0
1700028260000,97.655111,97.823308,97.566772,97.755027,0
1700028320000,97.755027,97.919262,97.705392,97.718398,0
1700028380000,97.718398,97.886755,97.680335,97.799351,0
1700028440000,97.799351,97.872766,97.713462,97.758679,0
1700028500000,97.758679,97.808159,97.673837,97.673837,0
1700028560000,97.673837,97.870608,97.673837,97.693729,0
1700028620000,97.693729,97.832862,97.651570,97.769196,0
1700028680000,97.769196,97.769196,97.320852,97.320852,0
1700028740000,97.320852,97.576830,97.294462,97.389396,0
1700028800000,97.389396,97.401334,97.138979,97.260909,0
1700028860000,97.260909,97.296461,97.043069,97.093128,0
1700028920000,97.093128,97.164908,96.940238,97.080438,0
1700028980000,97.080438,97.111948,96.927730,96.949042,0
1700029040000,96.949042,96.949042,96.565162,96.565162,0
1700029100000,96.565162,96.626091,96.497686,96.568091,0
1700029160000,96.568091,96.704562,96.568091,96.574355,0
1700029220000,96.574355,96.603520,96.417514,96.436415,0
1700029280000,96.436415,96.482864,96.243821,96.466098,0
1700029340000,96.466098,96.772890,96.414487,96.715071,0
1700029400000,96.715071,96.843440,96.554729,96.706827,0
1700029460000,96.706827,96.754197,96.476127,96.557291,0
1700029520000,96.557291,96.655119,96.431569,96.431569,0
1700029580000,96.431569,96.498349,96.304531,96.473198,0
1700029640000,96.473198,96.500858,96.075078,96.217899,0
1700029700000,96.217899,96.270612,95.904799,95.930041,0
1700029760000,95.930041,96.058888,95.904100,96.058888,0
1700029820000,96.058888,96.073069,95.827293,95.918142,0
1700029880000,95.918142,96.183172,95.878815,96.101422,0
1700029940000,96.101422,96.200369,96.072661,96.147226,0
1700030000000,96.147226,96.281242,95.901333,95.956719,0
1700030060000,95.956719,96.222507,95.956719,96.222507,0
1700030120000,96.222507,96.298945,95.966654,95.966654,0
1700030180000,95.966654,96.347561,95.966654,96.347561,0
1700030240000,96.347561,96.730138,96.301101,96.730138,0
1700030300000,96.730138,97.010087,96.635544,96.916258,0
1700030360000,96.916258,97.025874,96.859709,96.895288,0
1700030420000,96.895288,96.895357,96.749530,96.895357,0
1700030480000,96.895357,97.033945,96.744752,97.033945,0
1700030540000,97.033945,97.049140,96.897929,96.897929,0
1700030600000,96.897929,97.083392,96.815476,96.815476,0
1700030660000,96.815476,96.955944,96.765271,96.955944,0
1700030720000,96.955944,97.009720,96.787102,96.790771,0
1700030780000,96.790771,96.829174,96.563244,96.649046,0
1700030840000,96.649046,96.700349,96.597475,96.638108,0
1700030900000,96.638108,96.638921,96.532949,96.634162,0
1700030960000,96.634162,96.672889,96.573641,96.672889,0
1700031020000,96.672889,96.924740,96.672889,96.912920,0
1700031080000,96.912920,96.988501,96.881394,96.951048,0
1700031140000,96.951048,96.951048,96.693449,96.816519,0
1700031200000,96.816519,97.091065,96.732893,97.086960,0
1700031260000,97.086960,97.191331,96.880762,96.880762,0
1700031320000,96.880762,96.921372,96.602208,96.715362,0
1700031380000,96.715362,96.790806,96.676296,96.708769,0
1700031440000,96.708769,96.885202,96.698478,96.743172,0
1700031500000,96.743172,96.873419,96.720037,96.808730,0
1700031560000,96.808730,97.168125,96.808730,97.168125,0
1700031620000,97.168125,97.483940,97.125631,97.483940,0
1700031680000,97.483940,97.569167,97.397659,97.397659,0
1700031740000,97.397659,97.517210,97.366704,97.455907,0
1700031800000,97.455907,97.606423,97.436991,97.574347,0
1700031860000,97.574347,97.844582,97.505703,97.505703,0
1700031920000,97.505703,97.505703,97.247569,97.425163,0
1700031980000,97.425163,97.740910,97.415676,97.732024,0
1700032040000,97.732024,98.063976,97.732024,98.010286,0
1700032100000,98.010286,98.113888,97.657709,97.678171,0
1700032160000,97.678171,97.753508,97.470152,97.470152,0
1700032220000,97.470152,97.590266,97.448677,97.524943,0
1700032280000,97.524943,97.568467,97.311719,97.460287,0
1700032340000,97.460287,97.548147,97.349392,97.512101,0
1700032400000,97.512101,97.639533,97.464772,97.471558,0
1700032460000,97.471558,97.471558,97.330464,97.377938,0
1700032520000,97.377938,97.511506,97.270307,97.420264,0
1700032580000,97.420264,97.510702,97.317521,97.376494,0
1700032640000,97.376494,97.396402,97.198935,97.396402,0
1700032700000,97.396402,97.582788,97.323453,97.491546,0
1700032760000,97.491546,97.624092,97.233459,97.233459,0
1700032820000,97.233459,97.525886,97.233459,97.525886,0
1700032880000,97.525886,97.526364,97.167140,97.167140,0
1700032940000,97.167140,97.527584,97.151418,97.510556,0
1700033000000,97.510556,97.888505,97.510556,97.866529,0
1700033060000,97.866529,97.866529,97.643045,97.643045,0
1700033120000,97.643045,97.656123,97.282358,97.312515,0
1700033180000,97.312515,97.496472,97.312515,97.361363,0
1700033240000,97.361363,97.663110,97.361363,97.427321,0
1700033300000,97.427321,97.652329,97.350051,97.652329,0
1700033360000,97.652329,97.835730,97.584805,97.584805,0
1700033420000,97.584805,97.698116,97.522477,97.651121,0
1700033480000,97.651121,97.694660,97.510792,97.643189,0
1700033540000,97.643189,97.706381,97.503093,97.503093,0
1700033600000,97.503093,97.571896,97.339666,97.419796,0
1700033660000,97.419796,97.432785,96.984616,96.984616,0
1700033720000,96.984616,97.106614,96.893280,97.075791,0
1700033780000,97.075791,97.075791,96.871268,97.051906,0
1700033840000,97.051906,97.467987,97.046182,97.388960,0
1700033900000,97.388960,97.620481,97.388960,97.481919,0
1700033960000,97.481919,97.876977,97.481919,97.661697,0
1700034020000,97.661697,97.737502,97.490078,97.522139,0
1700034080000,97.522139,97.522139,97.172188,97.264220,0
1700034140000,97.264220,97.326601,97.021448,97.021448,0
1700034200000,97.021448,97.040745,96.868529,96.868529,0
1700034260000,96.868529,96.868529,96.691529,96.736612,0
1700034320000,96.736612,97.022613,96.684260,96.961923,0
1700034380000,96.961923,97.224806,96.961923,97.224806,0
1700034440000,97.224806,97.224806,96.814209,96.947269,0
1700034500000,96.947269,96.985596,96.745268,96.878240,0
1700034560000,96.878240,96.878977,96.575958,96.602673,0
1700034620000,96.602673,96.698084,96.585530,96.585530,0
1700034680000,96.585530,96.899384,96.585530,96.746648,0
1700034740000,96.746648,96.860497,96.488443,96.488443,0
1700034800000,96.488443,96.488443,96.125406,96.142207,0
1700034860000,96.142207,96.192489,95.981157,95.981157,0
1700034920000,95.981157,95.981157,95.683544,95.918763,0
1700034980000,95.918763,95.918763,95.574580,95.574580,0
1700035040000,95.574580,95.574580,95.400038,95.400038,0
1700035100000,95.400038,95.502355,95.290566,95.502355,0
1700035160000,95.502355,95.839498,95.461727,95.839498,0
1700035220000,95.839498,95.899731,95.589473,95.589473,0
1700035280000,95.589473,95.662066,95.458589,95.514685,0
1700035340000,95.514685,95.555277,95.181506,95.239000,0
1700035400000,95.239000,95.250027,94.989155,95.250027,0
1700035460000,95.250027,95.459573,95.229900,95.250747,0
1700035520000,95.250747,95.347142,95.187476,95.223755,0
1700035580000,95.223755,95.241382,94.977539,95.064280,0
1700035640000,95.064280,95.178860,95.008745,95.029293,0
1700035700000,95.029293,95.070896,94.773071,94.849376,0
1700035760000,94.849376,95.005194,94.839044,94.921692,0
1700035820000,94.921692,95.050017,94.682413,94.682413,0
1700035880000,94.682413,94.843750,94.617379,94.707412,0
1700035940000,94.707412,94.822672,94.698418,94.698418,0
1700036000000,94.698418,95.252005,94.696413,95.252005,0
1700036060000,95.252005,95.430815,95.160205,95.430815,0
1700036120000,95.430815,95.464279,95.276741,95.322223,0
1700036180000,95.322223,95.613738,95.256705,95.529991,0
1700036240000,95.529991,95.701462,95.473777,95.701462,0
1700036300000,95.701462,95.809918,95.530608,95.800811,0
1700036360000,95.800811,96.029694,95.779827,95.929648,0
1700036420000,95.929648,95.931309,95.714494,95.773403,0
1700036480000,95.773403,95.929971,95.654771,95.882628,0
1700036540000,95.882628,96.054851,95.718748,96.054851,0
1700036600000,96.054851,96.104429,95.779599,95.893880,0
1700036660000,95.893880,95.919156,95.668495,95.919156,0
1700036720000,95.919156,95.919156,95.522081,95.564833,0
1700036780000,95.564833,95.575699,95.205680,95.209914,0
1700036840000,95.209914,95.350305,95.050851,95.080929,0
1700036900000,95.080929,95.080929,94.968621,95.017049,0
1700036960000,95.017049,95.017049,94.807364,94.818326,0
1700037020000,94.818326,94.866570,94.591997,94.720406,0
1700037080000,94.720406,94.809620,94.619894,94.800801,0
1700037140000,94.800801,94.800801,94.579371,94.666344,0
1700037200000,94.666344,94.959653,94.666344,94.946709,0
1700037260000,94.946709,94.981888,94.670376,94.745927,0
1700037320000,94.745927,94.929727,94.700682,94.875303,0
1700037380000,94.875303,95.019665,94.718184,94.730184,0
1700037440000,94.730184,95.012858,94.730184,95.004172,0
1700037500000,95.004172,95.084005,94.928864,94.979528,0
1700037560000,94.979528,95.031487,94.859035,94.927177,0
1700037620000,94.927177,95.073213,94.810625,94.941423,0
1700037680000,94.941423,94.941423,94.663705,94.683587,0
1700037740000,94.683587,94.768951,94.514158,94.693204,0
1700037800000,94.693204,94.700445,94.445162,94.485586,0
1700037860000,94.485586,94.662933,94.303604,94.389959,0
1700037920000,94.389959,94.415560,94.182181,94.214347,0
1700037980000,94.214347,94.396127,94.214347,94.314373,0
1700038040000,94.314373,94.691996,94.282081,94.691996,0
1700038100000,94.691996,94.691996,94.365336,94.365336,0
1700038160000,94.365336,94.365336,94.206500,94.333564,0
1700038220000,94.333564,94.365137,94.147727,94.258783,0
1700038280000,94.258783,94.258783,94.025106,94.100795,0
1700038340000,94.100795,94.238395,93.970936,94.238395,0
1700038400000,94.238395,94.254087,94.057424,94.236964,0
1700038460000,94.236964,94.361291,94.216669,94.227305,0
1700038520000,94.227305,94.391123,94.163589,94.316019,0
1700038580000,94.316019,94.418735,94.283033,94.296145,0
1700038640000,94.296145,94.316744,94.143317,94.256335,0
1700038700000,94.256335,94.427345,94.238256,94.400296,0
1700038760000,94.400296,94.409887,94.199951,94.199951,0
1700038820000,94.199951,94.199951,93.849569,93.924802,0
1700038880000,93.924802,94.049028,93.868046,94.049028,0
1700038940000,94.049028,94.075534,93.919058,94.075534,0
1700039000000,94.075534,94.075534,93.834533,93.953045,0
1700039060000,93.953045,93.953045,93.690106,93.829495,0
1700039120000,93.829495,93.877384,93.518788,93.518788,0
1700039180000,93.518788,93.758837,93.518788,93.758837,0
1700039240000,93.758837,94.032183,93.758837,94.030998,0
1700039300000,94.030998,94.177649,93.970204,94.118608,0
1700039360000,94.118608,94.300664,94.076690,94.298224,0
1700039420000,94.298224,94.321764,94.075824,94.122430,0
1700039480000,94.122430,94.194827,94.013298,94.037556,0
1700039540000,94.037556,94.063192,93.878767,93.878767,0
1700039600000,93.878767,93.904015,93.732780,93.732780,0
1700039660000,93.732780,94.018176,93.732780,93.858349,0
1700039720000,93.858349,94.071651,93.858349,94.071651,0
1700039780000,94.071651,94.142847,93.993038,94.142847,0
1700039840000,94.142847,94.380869,94.073862,94.380869,0
1700039900000,94.380869,94.513322,94.298133,94.412451,0
1700039960000,94.412451,94.578189,94.361862,94.446259,0
1700040020000,94.446259,94.499704,94.314682,94.409137,0
1700040080000,94.409137,94.657967,94.323582,94.581327,0
1700040140000,94.581327,94.634751,94.476474,94.602631,0
1700040200000,94.602631,94.714459,94.253957,94.401994,0
1700040260000,94.401994,94.409070,93.972781,93.972781,0
1700040320000,93.972781,94.052646,93.911159,94.052646,0
1700040380000,94.052646,94.283619,94.052646,94.168473,0
1700040440000,94.168473,94.216621,94.034476,94.087498,0
1700040500000,94.087498,94.088752,93.851174,94.002630,0
1700040560000,94.002630,94.148383,93.909902,94.047044,0
1700040620000,94.047044,94.047044,93.700733,93.715117,0
1700040680000,93.715117,93.946137,93.715117,93.941183,0
1700040740000,93.941183,94.037536,93.642739,93.681871,0
1700040800000,93.681871,93.767124,93.562640,93.767124,0
1700040860000,93.767124,93.767124,93.615840,93.633235,0
1700040920000,93.633235,93.907168,93.633235,93.887785,0
1700040980000,93.887785,93.950561,93.727935,93.864815,0
1700041040000,93.864815,93.950856,93.753401,93.950856,0
1700041100000,93.950856,94.049734,93.754723,94.049734,0
1700041160000,94.049734,94.188955,93.934390,94.188955,0
1700041220000,94.188955,94.412031,94.116964,94.327067,0
1700041280000,94.327067,94.571508,94.287343,94.571508,0
1700041340000,94.571508,94.947789,94.571508,94.883299,0
1700041400000,94.883299,95.061428,94.833077,95.061428,0
1700041460000,95.061428,95.234911,95.001157,95.216255,0
1700041520000,95.216255,95.395438,95.142751,95.329837,0
1700041580000,95.329837,95.505417,95.225132,95.469421,0
1700041640000,95.469421,95.700609,95.469421,95.542690,0
1700041700000,95.542690,95.542690,95.174833,95.254097,0
1700041760000,95.254097,95.372274,95.117858,95.168956,0
1700041820000,95.168956,95.323783,95.016197,95.187229,0
1700041880000,95.187229,95.254868,95.148641,95.183527,0
1700041940000,95.183527,95.192270,94.881979,94.886586,0
1700042000000,94.886586,94.959893,94.693398,94.823189,0
1700042060000,94.823189,94.990436,94.800381,94.845185,0
1700042120000,94.845185,94.845185,94.299479,94.299479,0
1700042180000,94.299479,94.415015,94.246039,94.415015,0
1700042240000,94.415015,94.494549,94.183596,94.494549,0
1700042300000,94.494549,94.505121,94.344995,94.417352,0
1700042360000,94.417352,94.477238,94.219968,94.309754,0
1700042420000,94.309754,94.309754,93.979661,94.075677,0
1700042480000,94.075677,94.082647,93.869943,93.874631,0
1700042540000,93.874631,93.955643,93.782067,93.782067,0
1700042600000,93.782067,93.782067,93.310456,93.310456,0
1700042660000,93.310456,93.411350,93.281381,93.287626,0
1700042720000,93.287626,93.287626,93.070256,93.070256,0
1700042780000,93.070256,93.123395,92.857852,92.931265,0
1700042840000,92.931265,93.077789,92.877107,93.077789,0
1700042900000,93.077789,93.099754,92.847573,92.892701,0
1700042960000,92.892701,92.956218,92.437906,92.516183,0
1700043020000,92.516183,92.716163,92.496090,92.568119,0
1700043080000,92.568119,92.854865,92.568119,92.812248,0
1700043140000,92.812248,93.078922,92.812248,93.078922,0
1700043200000,93.078922,93.345575,93.059062,93.345575,0
1700043260000,93.345575,93.749795,93.260345,93.740122,0
1700043320000,93.740122,93.760365,93.655645,93.718197,0
1700043380000,93.718197,93.879145,93.718197,93.842575,0
1700043440000,93.842575,94.187977,93.791113,94.062460,0
1700043500000,94.062460,94.067204,93.795991,93.862021,0
1700043560000,93.862021,93.956114,93.692453,93.692453,0
1700043620000,93.692453,93.786013,93.530525,93.530525,0
1700043680000,93.530525,93.530525,93.257853,93.354201,0
1700043740000,93.354201,93.479738,93.262158,93.479738,0
1700043800000,93.479738,93.654216,93.288998,93.582648,0
1700043860000,93.582648,93.665603,93.458916,93.458916,0
1700043920000,93.458916,93.628021,93.262789,93.262789,0
1700043980000,93.262789,93.687412,93.199426,93.687412,0
1700044040000,93.687412,93.687412,93.391197,93.442449,0
1700044100000,93.442449,93.487788,93.156335,93.156335,0
1700044160000,93.156335,93.298769,93.121240,93.121240,0
1700044220000,93.121240,93.122808,92.978214,92.978214,0
1700044280000,92.978214,93.288077,92.978214,93.219270,0
1700044340000,93.219270,93.261496,93.023605,93.023605,0
1700044400000,93.023605,93.154355,92.955182,92.955580,0
1700044460000,92.955580,93.082192,92.943321,93.064671,0
1700044520000,93.064671,93.386173,93.064671,93.346819,0
1700044580000,93.346819,93.638823,93.346819,93.638823,0
1700044640000,93.638823,93.661196,93.303651,93.304156,0
1700044700000,93.304156,93.394790,93.131050,93.131050,0
1700044760000,93.131050,93.449463,93.109496,93.433420,0
1700044820000,93.433420,93.527870,93.386839,93.518952,0
1700044880000,93.518952,93.627644,93.451107,93.510639,0
1700044940000,93.510639,93.510639,93.243728,93.243728,0
1700045000000,93.243728,93.243728,92.907324,92.907324,0
1700045060000,92.907324,93.056881,92.786586,93.052578,0
1700045120000,93.052578,93.132193,93.009744,93.044411,0
1700045180000,93.044411,93.241327,93.038065,93.131744,0
1700045240000,93.131744,93.228794,92.956795,93.228794,0
1700045300000,93.228794,93.228794,92.918745,93.001434,0
1700045360000,93.001434,93.115131,92.894276,93.060346,0
1700045420000,93.060346,93.138504,92.940450,93.138504,0
1700045480000,93.138504,93.145278,92.973254,93.009207,0
1700045540000,93.009207,93.009207,92.660917,92.696632,0
1700045600000,92.696632,92.696632,92.353656,92.365709,0
1700045660000,92.365709,92.387987,92.230750,92.352859,0
1700045720000,92.352859,92.470877,92.314779,92.414831,0
1700045780000,92.414831,92.414831,92.025194,92.056114,0
1700045840000,92.056114,92.056114,91.835016,91.914480,0
1700045900000,91.914480,91.980522,91.887075,91.917250,0
1700045960000,91.917250,92.020424,91.892032,92.020424,0
1700046020000,92.020424,92.127639,91.894306,91.905919,0
1700046080000,91.905919,92.151234,91.889353,92.151234,0
1700046140000,92.151234,92.305935,92.151234,92.238510,0
1700046200000,92.238510,92.580594,92.221777,92.518023,0
1700046260000,92.518023,92.562797,92.265887,92.265887,0
1700046320000,92.265887,92.265887,92.136978,92.136978,0
1700046380000,92.136978,92.136978,91.966491,92.057619,0
1700046440000,92.057619,92.220888,91.858506,91.862638,0
1700046500000,91.862638,91.950713,91.713900,91.713900,0
1700046560000,91.713900,91.770970,91.634658,91.646383,0
1700046620000,91.646383,91.722287,91.568126,91.575356,0
1700046680000,91.575356,91.585702,91.327264,91.463455,0
1700046740000,91.463455,91.541317,91.392576,91.498136,0
1700046800000,91.498136,91.518725,91.386386,91.468112,0
1700046860000,91.468112,91.474332,91.341273,91.450480,0
1700046920000,91.450480,91.450480,91.335746,91.380679,0
1700046980000,91.380679,91.744626,91.380679,91.608612,0
1700047040000,91.608612,91.689812,91.476560,91.659579,0
1700047100000,91.659579,91.732318,91.575979,91.594747,0
1700047160000,91.594747,92.202682,91.594747,92.202682,0
1700047220000,92.202682,92.271675,92.056331,92.209569,0
1700047280000,92.209569,92.253693,92.101178,92.175744,0
1700047340000,92.175744,92.540764,92.175744,92.359547,0
1700047400000,92.359547,92.359547,92.202898,92.245391,0
1700047460000,92.245391,92.401138,92.176075,92.394476,0
1700047520000,92.394476,92.430650,92.288416,92.365463,0
1700047580000,92.365463,92.408187,92.086513,92.173369,0
1700047640000,92.173369,92.432715,92.135205,92.389479,0
1700047700000,92.389479,92.541968,92.250796,92.260302,0
1700047760000,92.260302,92.431666,92.205146,92.237586,0
1700047820000,92.237586,92.263220,92.126699,92.263220,0
1700047880000,92.263220,92.618003,92.187869,92.601101,0
1700047940000,92.601101,92.601101,92.345412,92.485267,0
1700048000000,92.485267,92.615687,92.459238,92.548623,0
1700048060000,92.548623,92.560385,92.300279,92.345796,0
1700048120000,92.345796,92.345796,92.149726,92.230068,0
1700048180000,92.230068,92.471607,92.165867,92.165867,0
1700048240000,92.165867,92.440988,92.165867,92.440988,0
1700048300000,92.440988,92.534182,92.374888,92.464180,0
1700048360000,92.464180,92.506272,92.365543,92.372154,0
1700048420000,92.372154,92.405570,91.887905,91.887905,0
1700048480000,91.887905,91.970979,91.725741,91.725741,0
1700048540000,91.725741,91.725741,91.442197,91.510706,0
1700048600000,91.510706,91.510706,91.151322,91.205529,0
1700048660000,91.205529,91.222361,91.062847,91.146742,0
1700048720000,91.146742,91.441881,91.146742,91.441881,0
1700048780000,91.441881,91.474501,91.269598,91.374069,0
1700048840000,91.374069,91.456665,91.242108,91.432090,0
1700048900000,91.432090,91.573311,91.326471,91.326471,0
1700048960000,91.326471,91.353766,91.266426,91.330041,0
1700049020000,91.330041,91.598613,91.302388,91.455200,0
1700049080000,91.455200,91.676600,91.381614,91.476721,0
1700049140000,91.476721,91.615689,91.422117,91.422117,0
1700049200000,91.422117,91.464949,91.312113,91.411226,0
1700049260000,91.411226,91.613013,91.337756,91.613013,0
1700049320000,91.613013,91.736650,91.579358,91.692375,0
1700049380000,91.692375,91.837206,91.658780,91.719648,0
1700049440000,91.719648,91.756314,91.532668,91.532668,0
1700049500000,91.532668,91.643676,91.380999,91.643676,0
1700049560000,91.643676,91.731570,91.585983,91.624129,0
1700049620000,91.624129,91.714843,91.497128,91.538688,0
1700049680000,91.538688,91.630043,91.512942,91.520258,0
1700049740000,91.520258,91.600188,91.394791,91.517010,0
1700049800000,91.517010,91.524672,91.356038,91.483837,0
1700049860000,91.483837,91.704564,91.366513,91.703809,0
1700049920000,91.703809,91.703809,91.483034,91.538338,0
1700049980000,91.538338,91.721426,91.404739,91.404739,0
1700050040000,91.404739,91.404739,90.968014,90.968014,0
1700050100000,90.968014,91.118653,90.929286,91.031378,0
1700050160000,91.031378,91.261633,91.031378,91.240506,0
1700050220000,91.240506,91.240506,90.687926,90.704998,0
1700050280000,90.704998,90.783749,90.566586,90.694156,0
1700050340000,90.694156,90.865656,90.694156,90.803806,0
1700050400000,90.803806,91.246316,90.803806,91.164478,0
1700050460000,91.164478,91.353935,91.123467,91.244484,0
1700050520000,91.244484,91.308093,91.138320,91.255120,0
1700050580000,91.255120,91.315774,91.203663,91.315774,0
1700050640000,91.315774,91.386363,91.012318,91.122176,0
1700050700000,91.122176,91.389680,91.113485,91.389680,0
1700050760000,91.389680,91.445274,91.345629,91.445274,0
1700050820000,91.445274,91.558449,91.431255,91.512769,0
1700050880000,91.512769,91.611493,91.331578,91.382673,0
1700050940000,91.382673,91.382673,91.148114,91.365819,0
1700051000000,91.365819,91.605443,91.331003,91.383148,0
1700051060000,91.383148,91.416270,91.279334,91.357231,0
1700051120000,91.357231,91.461267,91.268081,91.318896,0
1700051180000,91.318896,91.338331,91.094605,91.234215,0
1700051240000,91.234215,91.444835,91.193638,91.385872,0
1700051300000,91.385872,91.522561,91.383183,91.389247,0
1700051360000,91.389247,91.398730,91.219867,91.299600,0
1700051420000,91.299600,91.460700,91.299600,91.460700,0
1700051480000,91.460700,91.515269,91.320238,91.453761,0
1700051540000,91.453761,91.838693,91.453761,91.716602,0
1700051600000,91.716602,92.265514,91.716602,92.265514,0
1700051660000,92.265514,92.265514,92.026900,92.041209,0
1700051720000,92.041209,92.510133,92.041209,92.309706,0
1700051780000,92.309706,92.460841,92.270199,92.460841,0
1700051840000,92.460841,92.539316,92.311108,92.426103,0
1700051900000,92.426103,92.505760,92.301970,92.372718,0
1700051960000,92.372718,92.491643,92.334082,92.383517,0
1700052020000,92.383517,92.606093,92.348529,92.443187,0
1700052080000,92.443187,92.673697,92.443187,92.595147,0
1700052140000,92.595147,92.803044,92.516378,92.772021,0
1700052200000,92.772021,93.024146,92.731958,93.024146,0
1700052260000,93.024146,93.246227,92.992360,93.143546,0
1700052320000,93.143546,93.279236,93.081725,93.190030,0
1700052380000,93.190030,93.190030,92.958393,92.963951,0
1700052440000,92.963951,93.074068,92.887072,92.980874,0
1700052500000,92.980874,93.221716,92.972429,93.221716,0
1700052560000,93.221716,93.449206,93.221716,93.424962,0
1700052620000,93.424962,93.424962,93.004775,93.004775,0
1700052680000,93.004775,93.091182,92.860831,93.049390,0
1700052740000,93.049390,93.120228,92.677510,92.677510,0
1700052800000,92.677510,92.932287,92.677510,92.753626,0
1700052860000,92.753626,92.753626,92.452657,92.592546,0
1700052920000,92.592546,92.645654,92.539988,92.569492,0
1700052980000,92.569492,92.597634,92.460720,92.460720,0
1700053040000,92.460720,92.466523,91.925010,92.039701,0
1700053100000,92.039701,92.208194,92.029807,92.158579,0
1700053160000,92.158579,92.204267,92.093467,92.174244,0
1700053220000,92.174244,92.361693,92.166007,92.166007,0
1700053280000,92.166007,92.166007,91.900987,91.965051,0
1700053340000,91.965051,92.074476,91.871163,91.922095,0
1700053400000,91.922095,92.008289,91.858664,91.864831,0
1700053460000,91.864831,92.043671,91.864831,91.973898,0
1700053520000,91.973898,91.983201,91.800071,91.939029,0
1700053580000,91.939029,91.939029,91.745285,91.788379,0
1700053640000,91.788379,91.959555,91.661969,91.959555,0
1700053700000,91.959555,92.122453,91.942393,91.999921,0
1700053760000,91.999921,92.220610,91.999921,92.175179,0
1700053820000,92.175179,92.445425,92.140308,92.333680,0
1700053880000,92.333680,92.435116,92.209648,92.260623,0
1700053940000,92.260623,92.260623,91.928365,91.936577,0
1700054000000,91.936577,92.201302,91.936577,92.201302,0
1700054060000,92.201302,92.214202,91.942475,91.987189,0
1700054120000,91.987189,92.068687,91.906138,92.005407,0
1700054180000,92.005407,92.096217,91.888466,91.920185,0
1700054240000,91.920185,92.284522,91.858060,92.284522,0
1700054300000,92.284522,92.395063,92.238640,92.395063,0
1700054360000,92.395063,92.395063,92.152374,92.152374,0
1700054420000,92.152374,92.152374,92.042466,92.139058,0
1700054480000,92.139058,92.674801,92.139058,92.638086,0
1700054540000,92.638086,92.917262,92.594980,92.828435,0
1700054600000,92.828435,92.918697,92.632745,92.918697,0
1700054660000,92.918697,93.084246,92.862300,93.084246,0
1700054720000,93.084246,93.116184,92.977831,93.116184,0
1700054780000,93.116184,93.141299,92.905169,92.938355,0
1700054840000,92.938355,93.168229,92.897868,93.168229,0
1700054900000,93.168229,93.298483,93.168229,93.201637,0
1700054960000,93.201637,93.287623,93.176444,93.194104,0
1700055020000,93.194104,93.222268,93.047249,93.126885,0
1700055080000,93.126885,93.514857,93.126885,93.513915,0
1700055140000,93.513915,93.513915,93.209614,93.283615,0
1700055200000,93.283615,93.804660,93.283615,93.767257,0
1700055260000,93.767257,93.925301,93.683507,93.820808,0
1700055320000,93.820808,93.820808,93.652959,93.719771,0
1700055380000,93.719771,93.719771,93.503602,93.503602,0
1700055440000,93.503602,93.881676,93.503602,93.652067,0
1700055500000,93.652067,93.671839,93.565329,93.617304,0
1700055560000,93.617304,93.748731,93.468625,93.512544,0
1700055620000,93.512544,93.713192,93.512544,93.572083,0
1700055680000,93.572083,93.696937,93.554521,93.674399,0
1700055740000,93.674399,93.809425,93.563184,93.563184,0
1700055800000,93.563184,93.665276,93.522561,93.631933,0
1700055860000,93.631933,93.646582,93.505440,93.523105,0
1700055920000,93.523105,93.900623,93.523105,93.804373,0
1700055980000,93.804373,93.964850,93.590306,93.599065,0
1700056040000,93.599065,93.599065,93.283086,93.283086,0
1700056100000,93.283086,93.303581,92.879708,92.879708,0
1700056160000,92.879708,93.031676,92.802231,93.028041,0
1700056220000,93.028041,93.168623,92.952107,93.168623,0
1700056280000,93.168623,93.270674,93.018575,93.216153,0
1700056340000,93.216153,93.246813,92.907656,93.147212,0
1700056400000,93.147212,93.187201,93.050173,93.094261,0
1700056460000,93.094261,93.296995,93.049586,93.226130,0
1700056520000,93.226130,93.431747,93.188847,93.270981,0
1700056580000,93.270981,93.380813,93.139957,93.380813,0
1700056640000,93.380813,93.406407,93.267238,93.337647,0
1700056700000,93.337647,93.410479,93.198049,93.410479,0
1700056760000,93.410479,93.483026,93.343108,93.459912,0
1700056820000,93.459912,93.603107,93.426121,93.426121,0
1700056880000,93.426121,93.550381,93.295269,93.481449,0
1700056940000,93.481449,93.610564,93.346416,93.576658,0
1700057000000,93.576658,93.591301,93.413373,93.527151,0
1700057060000,93.527151,93.556221,93.348297,93.348297,0
1700057120000,93.348297,93.508380,93.318541,93.470467,0
1700057180000,93.470467,93.638603,93.470467,93.474471,0
1700057240000,93.474471,93.614493,93.474471,93.538732,0
1700057300000,93.538732,93.538732,93.329640,93.362613,0
1700057360000,93.362613,93.362613,93.200360,93.291758,0
1700057420000,93.291758,93.312769,93.082190,93.312769,0
1700057480000,93.312769,93.377832,93.066957,93.103073,0
1700057540000,93.103073,93.163773,92.944581,92.944581,0
1700057600000,92.944581,93.128854,92.944581,93.128854,0
1700057660000,93.128854,93.475029,93.080242,93.475029,0
1700057720000,93.475029,93.638956,93.383197,93.392272,0
1700057780000,93.392272,93.470398,93.293669,93.407289,0
1700057840000,93.407289,93.582981,93.344868,93.582981,0
1700057900000,93.582981,93.582981,93.209418,93.393658,0
1700057960000,93.393658,93.463053,93.207060,93.308157,0
1700058020000,93.308157,93.327214,93.035552,93.233596,0
1700058080000,93.233596,93.414896,93.185668,93.414896,0
1700058140000,93.414896,93.637752,93.334620,93.334620,0
1700058200000,93.334620,93.472698,93.245256,93.389357,0
1700058260000,93.389357,93.389357,93.090238,93.090238,0
1700058320000,93.090238,93.199971,92.878531,92.878531,0
1700058380000,92.878531,93.051001,92.797491,93.003206,0
1700058440000,93.003206,93.003206,92.749800,92.821289,0
1700058500000,92.821289,92.928018,92.741518,92.854540,0
1700058560000,92.854540,92.940732,92.774447,92.885432,0
1700058620000,92.885432,93.042743,92.834831,93.036524,0
1700058680000,93.036524,93.036524,92.870325,92.994771,0
1700058740000,92.994771,93.223761,92.994771,93.162932,0
1700058800000,93.162932,93.199903,93.055828,93.121384,0
1700058860000,93.121384,93.140242,93.023210,93.080550,0
1700058920000,93.080550,93.497459,93.080550,93.262400,0
1700058980000,93.262400,93.289684,93.143788,93.193301,0
1700059040000,93.193301,93.509932,93.193301,93.509932,0
1700059100000,93.509932,93.708104,93.171768,93.171768,0
1700059160000,93.171768,93.320433,93.094531,93.168174,0
1700059220000,93.168174,93.216403,93.000734,93.000734,0
1700059280000,93.000734,93.005418,92.681209,92.740605,0
1700059340000,92.740605,92.875341,92.706917,92.864516,0
1700059400000,92.864516,93.094848,92.807897,92.916435,0
1700059460000,92.916435,93.220434,92.916435,93.162519,0
1700059520000,93.162519,93.297795,93.118991,93.199789,0
1700059580000,93.199789,93.255006,93.071458,93.101404,0
1700059640000,93.101404,93.336737,93.073138,93.299228,0
1700059700000,93.299228,93.330247,92.941072,92.959958,0
1700059760000,92.959958,93.297492,92.959958,93.297492,0
1700059820000,93.297492,93.297492,93.073439,93.155581,0
1700059880000,93.155581,93.155581,93.040147,93.134659,0
1700059940000,93.134659,93.156503,92.880522,92.880522,0
1700060000000,92.880522,92.883618,92.710249,92.801330,0
1700060060000,92.801330,93.002594,92.735237,93.002594,0
1700060120000,93.002594,93.122403,92.992109,92.992109,0
1700060180000,92.992109,93.062001,92.785030,92.843401,0
1700060240000,92.843401,93.001380,92.810144,92.826274,0
1700060300000,92.826274,93.083102,92.821248,92.960184,0
1700060360000,92.960184,93.342028,92.942121,93.342028,0
1700060420000,93.342028,93.411735,93.072097,93.158021,0
1700060480000,93.158021,93.206930,92.916643,93.025326,0
1700060540000,93.025326,93.113607,92.734964,92.814104,0
1700060600000,92.814104,92.828484,92.733327,92.786921,0
1700060660000,92.786921,92.861141,92.713616,92.800900,0
1700060720000,92.800900,92.815175,92.598544,92.720206,0
1700060780000,92.720206,92.778292,92.649137,92.649137,0
1700060840000,92.649137,92.862828,92.604698,92.862828,0
1700060900000,92.862828,93.155175,92.854610,93.155175,0
1700060960000,93.155175,93.357593,93.155175,93.357593,0
1700061020000,93.357593,93.358036,92.986355,93.037154,0
1700061080000,93.037154,93.037154,92.765333,92.765333,0
1700061140000,92.765333,92.798442,92.607245,92.798442,0
1700061200000,92.798442,93.220480,92.798442,93.169663,0
1700061260000,93.169663,93.228866,92.991248,92.991248,0
1700061320000,92.991248,93.211168,92.901094,93.211168,0
1700061380000,93.211168,93.444232,93.211168,93.435901,0
1700061440000,93.435901,93.466763,93.288814,93.393292,0
1700061500000,93.393292,93.521241,93.308765,93.521241,0
1700061560000,93.521241,93.521241,93.351357,93.452862,0
1700061620000,93.452862,93.486921,93.358282,93.410695,0
1700061680000,93.410695,93.465784,93.128902,93.128902,0
1700061740000,93.128902,93.503053,93.038753,93.503053,0
1700061800000,93.503053,93.513841,93.347461,93.458313,0
1700061860000,93.458313,93.603720,93.409959,93.549874,0
1700061920000,93.549874,93.787830,93.460267,93.787830,0
1700061980000,93.787830,93.787830,93.409300,93.453810,0
1700062040000,93.453810,93.776731,93.409175,93.736986,0
1700062100000,93.736986,93.894718,93.736986,93.894718,0
1700062160000,93.894718,93.914403,93.740016,93.740016,0
1700062220000,93.740016,93.849136,93.686435,93.782938,0
1700062280000,93.782938,93.842160,93.523697,93.767747,0
1700062340000,93.767747,93.767747,93.244359,93.244359,0
1700062400000,93.244359,93.410811,93.173497,93.354333,0
1700062460000,93.354333,93.458914,93.337021,93.355709,0
1700062520000,93.355709,93.355709,93.106023,93.333739,0
1700062580000,93.333739,93.445231,93.260302,93.346628,0
1700062640000,93.346628,93.520344,93.273473,93.520344,0
1700062700000,93.520344,93.591272,93.378455,93.407516,0
1700062760000,93.407516,93.993010,93.407516,93.858911,0
1700062820000,93.858911,94.146396,93.854293,94.055040,0
1700062880000,94.055040,94.202557,93.936215,94.178880,0
1700062940000,94.178880,94.209396,93.931917,93.947213,0
1700063000000,93.947213,94.092235,93.933802,93.983706,0
1700063060000,93.983706,94.041670,93.822637,93.960568,0
1700063120000,93.960568,94.338431,93.960568,94.294971,0
1700063180000,94.294971,94.526195,94.216568,94.451612,0
1700063240000,94.451612,94.511898,94.398127,94.489025,0
1700063300000,94.489025,94.624427,94.467438,94.624427,0
1700063360000,94.624427,94.813757,94.546454,94.617266,0
1700063420000,94.617266,94.790285,94.587561,94.790285,0
1700063480000,94.790285,95.143447,94.782254,95.143447,0
1700063540000,95.143447,95.302157,95.078940,95.302157,0
1700063600000,95.302157,95.388528,95.179426,95.335914,0
1700063660000,95.335914,95.591573,95.335914,95.476566,0
1700063720000,95.476566,95.761236,95.476566,95.761236,0
1700063780000,95.761236,96.116601,95.761236,96.116601,0
1700063840000,96.116601,96.116601,95.886830,95.886830,0
1700063900000,95.886830,95.996889,95.806593,95.996889,0
1700063960000,95.996889,96.008578,95.787197,95.865962,0
1700064020000,95.865962,95.993456,95.794961,95.993456,0
1700064080000,95.993456,96.156018,95.924284,96.113184,0
1700064140000,96.113184,96.331989,96.113184,96.134808,0
1700064200000,96.134808,96.263222,96.066289,96.212033,0
1700064260000,96.212033,96.619908,96.117220,96.619908,0
1700064320000,96.619908,96.722182,96.523671,96.701038,0
1700064380000,96.701038,96.730197,96.298798,96.298798,0
1700064440000,96.298798,96.487173,96.223894,96.428795,0
1700064500000,96.428795,96.531115,96.313360,96.495964,0
1700064560000,96.495964,96.697368,96.424225,96.630881,0
1700064620000,96.630881,96.712570,96.532771,96.618598,0
1700064680000,96.618598,96.874069,96.563417,96.853917,0
1700064740000,96.853917,96.955506,96.794947,96.802112,0
1700064800000,96.802112,96.980829,96.756908,96.875594,0
1700064860000,96.875594,97.145122,96.817040,97.145122,0
1700064920000,97.145122,97.226942,97.003183,97.051183,0
1700064980000,97.051183,97.142935,96.927906,97.014609,0
1700065040000,97.014609,97.018500,96.875964,96.905826,0
1700065100000,96.905826,96.939144,96.714707,96.741321,0
1700065160000,96.741321,97.103083,96.741321,96.832676,0
1700065220000,96.832676,97.068222,96.808488,97.003179,0
1700065280000,97.003179,97.024398,96.697520,96.697520,0
1700065340000,96.697520,97.017736,96.697520,96.996440,0
1700065400000,96.996440,96.996440,96.759323,96.803070,0
1700065460000,96.803070,96.914994,96.748106,96.863393,0
1700065520000,96.863393,96.883961,96.644794,96.655061,0
1700065580000,96.655061,96.909525,96.597375,96.909525,0
1700065640000,96.909525,96.940854,96.742372,96.905070,0
1700065700000,96.905070,97.087766,96.905070,97.023962,0
1700065760000,97.023962,97.075024,96.863319,97.065383,0
1700065820000,97.065383,97.525717,97.065383,97.525717,0
1700065880000,97.525717,97.722785,97.415699,97.722785,0
1700065940000,97.722785,97.989581,97.722785,97.930290,0
1700066000000,97.930290,98.094534,97.900876,97.942650,0
1700066060000,97.942650,98.116446,97.895621,97.935666,0
1700066120000,97.935666,98.187405,97.935666,98.077141,0
1700066180000,98.077141,98.349803,97.942822,98.349803,0
1700066240000,98.349803,98.542785,98.293114,98.495898,0
1700066300000,98.495898,98.698652,98.481241,98.588986,0
1700066360000,98.588986,98.749153,98.534900,98.749153,0
1700066420000,98.749153,98.922070,98.749153,98.849522,0
1700066480000,98.849522,98.990823,98.801144,98.955918,0
1700066540000,98.955918,99.063580,98.895653,98.895653,0
1700066600000,98.895653,98.969904,98.800609,98.800609,0
1700066660000,98.800609,98.842658,98.568133,98.628938,0
1700066720000,98.628938,98.628938,98.175631,98.175631,0
1700066780000,98.175631,98.345909,98.148854,98.207725,0
1700066840000,98.207725,98.389356,98.142280,98.154285,0
1700066900000,98.154285,98.237569,97.955003,98.237569,0
1700066960000,98.237569,98.237569,98.008144,98.086493,0
1700067020000,98.086493,98.149906,97.998926,98.149906,0
1700067080000,98.149906,98.258950,98.112229,98.258950,0
1700067140000,98.258950,98.281806,98.010294,98.190803,0
1700067200000,98.190803,98.331294,98.071951,98.071951,0
1700067260000,98.071951,98.353193,98.028788,98.218056,0
1700067320000,98.218056,98.862425,98.218056,98.725995,0
1700067380000,98.725995,98.861889,98.693573,98.761925,0
1700067440000,98.761925,98.772838,98.583821,98.590287,0
1700067500000,98.590287,98.699579,98.537411,98.537411,0
1700067560000,98.537411,98.756800,98.517098,98.595187,0
1700067620000,98.595187,98.721596,98.541779,98.627903,0
1700067680000,98.627903,98.684891,98.491241,98.538452,0
1700067740000,98.538452,99.053901,98.538452,99.053901,0
1700067800000,99.053901,99.446523,99.031057,99.446523,0
1700067860000,99.446523,99.893961,99.446523,99.892317,0
1700067920000,99.892317,100.283967,99.892317,100.216983,0
1700067980000,100.216983,100.357309,100.022225,100.052425,0
1700068040000,100.052425,100.158565,100.000551,100.055423,0
1700068100000,100.055423,100.055423,99.670133,99.670133,0
1700068160000,99.670133,99.703578,99.406039,99.406039,0
1700068220000,99.406039,99.426883,99.191988,99.264792,0
1700068280000,99.264792,99.328313,99.159780,99.279942,0
1700068340000,99.279942,99.332441,98.930984,98.968482,0
1700068400000,98.968482,99.025422,98.823607,99.025422,0
1700068460000,99.025422,99.339555,99.010631,99.293656,0
1700068520000,99.293656,99.293656,99.130598,99.170177,0
1700068580000,99.170177,99.187467,98.862734,98.862734,0
1700068640000,98.862734,99.107453,98.820978,98.995280,0
1700068700000,98.995280,99.045056,98.867343,99.003125,0
1700068760000,99.003125,99.062818,98.801580,98.874985,0
1700068820000,98.874985,98.914265,98.626062,98.852031,0
1700068880000,98.852031,98.941080,98.535215,98.564802,0
1700068940000,98.564802,98.828007,98.467963,98.682674,0
1700069000000,98.682674,98.893325,98.534597,98.812061,0
1700069060000,98.812061,98.879348,98.677821,98.677821,0
1700069120000,98.677821,98.725290,98.589410,98.589410,0
1700069180000,98.589410,98.670151,98.395705,98.444548,0
1700069240000,98.444548,98.606236,98.407802,98.409679,0
1700069300000,98.409679,98.409679,98.285200,98.395058,0
1700069360000,98.395058,98.395058,98.175681,98.205010,0
1700069420000,98.205010,98.267276,98.016004,98.156397,0
1700069480000,98.156397,98.160673,98.036752,98.092602,0
1700069540000,98.092602,98.158497,97.953280,98.158497,0
1700069600000,98.158497,98.225079,98.025637,98.075384,0
1700069660000,98.075384,98.131849,97.861486,97.926406,0
1700069720000,97.926406,98.299826,97.926351,98.299826,0
1700069780000,98.299826,98.460071,98.114467,98.460071,0
1700069840000,98.460071,98.583997,98.361823,98.468242,0
1700069900000,98.468242,98.468242,98.034498,98.034498,0
1700069960000,98.034498,98.034498,97.905290,97.971007,0
1700070020000,97.971007,98.283428,97.971007,98.283428,0
1700070080000,98.283428,98.488345,98.283428,98.429645,0
1700070140000,98.429645,98.679572,98.427548,98.567402,0
1700070200000,98.567402,98.786504,98.527276,98.786504,0
1700070260000,98.786504,99.070991,98.786504,98.996290,0
1700070320000,98.996290,99.016941,98.746443,98.767011,0
1700070380000,98.767011,98.862269,98.640675,98.640675,0
1700070440000,98.640675,98.754144,98.546767,98.754144,0
1700070500000,98.754144,98.828350,98.676930,98.782886,0
1700070560000,98.782886,99.078677,98.766921,98.964463,0
1700070620000,98.964463,99.339732,98.894457,99.311410,0
1700070680000,99.311410,99.426264,99.213504,99.300253,0
1700070740000,99.300253,99.496429,99.300253,99.376964,0
1700070800000,99.376964,99.717031,99.360905,99.622587,0
1700070860000,99.622587,99.829101,99.619987,99.735869,0
1700070920000,99.735869,99.866789,99.735869,99.759430,0
1700070980000,99.759430,99.996869,99.759430,99.958114,0
1700071040000,99.958114,100.006375,99.772441,99.944758,0
1700071100000,99.944758,100.178299,99.943748,99.961966,0
1700071160000,99.961966,99.988134,99.738945,99.738945,0
1700071220000,99.738945,99.913758,99.670917,99.913758,0
1700071280000,99.913758,100.322031,99.913758,100.159219,0
1700071340000,100.159219,100.276361,100.105253,100.191467,0
1700071400000,100.191467,100.402659,100.191467,100.243176,0
1700071460000,100.243176,100.332565,99.978791,100.002533,0
1700071520000,100.002533,100.112641,99.916282,100.112641,0
1700071580000,100.112641,100.112641,99.783150,100.088816,0
1700071640000,100.088816,100.135747,99.814610,99.860462,0
1700071700000,99.860462,99.958203,99.713138,99.841086,0
1700071760000,99.841086,100.287752,99.781044,100.287752,0
1700071820000,100.287752,100.474516,100.088175,100.474516,0
1700071880000,100.474516,100.535525,99.996747,100.024647,0
1700071940000,100.024647,100.166498,99.957777,100.042468,0
1700072000000,100.042468,100.150132,99.929974,100.089081,0
1700072060000,100.089081,100.209392,100.037031,100.134509,0
1700072120000,100.134509,100.186587,99.864752,100.111020,0
1700072180000,100.111020,100.131131,99.967525,99.994981,0
1700072240000,99.994981,100.236471,99.980561,100.236471,0
1700072300000,100.236471,100.361092,100.079528,100.311747,0
1700072360000,100.311747,100.330773,100.192110,100.260488,0
1700072420000,100.260488,100.495439,100.260488,100.374842,0
1700072480000,100.374842,100.902351,100.374842,100.758147,0
1700072540000,100.758147,100.911635,100.694679,100.824384,0
1700072600000,100.824384,101.024037,100.790162,101.024037,0
1700072660000,101.024037,101.465209,101.016762,101.294050,0
1700072720000,101.294050,101.351660,101.128236,101.233489,0
1700072780000,101.233489,101.384398,101.219741,101.331180,0
1700072840000,101.331180,101.519124,101.194899,101.348338,0
1700072900000,101.348338,101.438653,101.247527,101.304445,0
1700072960000,101.304445,101.464154,101.304445,101.333975,0
1700073020000,101.333975,101.392244,101.082673,101.334291,0
1700073080000,101.334291,101.410584,101.169417,101.255920,0
1700073140000,101.255920,101.281285,101.177992,101.192801,0
1700073200000,101.192801,101.192801,100.911067,101.173123,0
1700073260000,101.173123,101.302712,100.944133,101.113061,0
1700073320000,101.113061,101.135799,100.829156,100.992786,0
1700073380000,100.992786,101.141997,100.843024,101.141997,0
1700073440000,101.141997,101.290533,100.955992,101.007964,0
1700073500000,101.007964,101.240093,100.987766,101.215390,0
1700073560000,101.215390,101.377514,101.053781,101.241372,0
1700073620000,101.241372,101.712413,101.178874,101.685429,0
1700073680000,101.685429,101.916096,101.606791,101.821090,0
1700073740000,101.821090,102.330906,101.793452,102.266266,0
1700073800000,102.266266,102.459865,102.266266,102.459865,0
1700073860000,102.459865,102.581466,102.384591,102.452356,0
1700073920000,102.452356,102.452356,102.292823,102.417339,0
1700073980000,102.417339,102.463994,102.351873,102.426722,0
1700074040000,102.426722,102.806303,102.341078,102.753822,0
1700074100000,102.753822,103.159952,102.727454,103.159952,0
1700074160000,103.159952,103.268221,103.072382,103.103553,0
1700074220000,103.103553,103.153526,102.834110,103.153526,0
1700074280000,103.153526,103.301632,103.101921,103.284656,0
1700074340000,103.284656,103.284656,102.987025,103.082469,0
1700074400000,103.082469,103.109051,102.989677,103.039993,0
1700074460000,103.039993,103.499577,102.980788,103.467840,0
1700074520000,103.467840,103.500637,103.362266,103.409427,0
1700074580000,103.409427,103.784658,103.409427,103.781412,0
1700074640000,103.781412,104.150402,103.764547,104.087208,0
1700074700000,104.087208,104.343649,104.031987,104.310756,0
1700074760000,104.310756,104.563502,104.289763,104.474913,0
1700074820000,104.474913,104.804522,104.474913,104.766037,0
1700074880000,104.766037,104.948837,104.511213,104.840205,0
1700074940000,104.840205,105.180670,104.835738,105.180670,0
1700075000000,105.180670,105.233100,105.028994,105.233100,0
1700075060000,105.233100,105.530201,105.112764,105.530201,0
1700075120000,105.530201,105.759901,105.441573,105.759901,0
1700075180000,105.759901,106.048853,105.759901,105.842187,0
1700075240000,105.842187,106.006970,105.670437,105.670437,0
1700075300000,105.670437,105.829871,105.570837,105.771605,0
1700075360000,105.771605,106.180398,105.766275,106.180310,0
1700075420000,106.180310,106.275410,105.914428,106.158764,0
1700075480000,106.158764,106.359881,106.158764,106.247649,0
1700075540000,106.247649,106.247649,105.941062,105.941062,0
1700075600000,105.941062,106.527016,105.927837,106.468408,0
1700075660000,106.468408,106.626464,106.387589,106.495905,0
1700075720000,106.495905,106.649220,106.373507,106.625787,0
1700075780000,106.625787,106.625787,106.322120,106.464709,0
1700075840000,106.464709,106.464709,106.267522,106.317497,0
1700075900000,106.317497,106.657128,106.317497,106.493794,0
1700075960000,106.493794,106.704679,106.436732,106.655322,0
1700076020000,106.655322,106.793514,106.537013,106.537013,0
1700076080000,106.537013,106.537013,106.309298,106.309298,0
1700076140000,106.309298,106.309298,105.989262,105.989262,0
1700076200000,105.989262,106.276702,105.892862,106.276702,0
1700076260000,106.276702,106.290465,106.020980,106.156331,0
1700076320000,106.156331,106.258778,106.035091,106.258778,0
1700076380000,106.258778,106.258778,105.993631,106.087770,0
1700076440000,106.087770,106.614926,106.087770,106.556818,0
1700076500000,106.556818,106.657444,106.267061,106.267061,0
1700076560000,106.267061,106.279358,106.055213,106.162476,0
1700076620000,106.162476,106.434105,106.099090,106.338780,0
1700076680000,106.338780,106.394566,106.142496,106.343056,0
1700076740000,106.343056,106.707326,106.297978,106.707326,0
1700076800000,106.707326,106.947509,106.545511,106.863880,0
1700076860000,106.863880,107.000951,106.781022,106.911350,0
1700076920000,106.911350,106.955633,106.507752,106.507752,0
1700076980000,106.507752,106.520128,106.406621,106.419772,0
1700077040000,106.419772,106.470712,106.186637,106.196690,0
1700077100000,106.196690,106.196690,105.787809,105.787809,0
1700077160000,105.787809,106.042603,105.756338,105.971476,0
1700077220000,105.971476,106.063146,105.896879,105.987043,0
1700077280000,105.987043,105.987043,105.778247,105.818733,0
1700077340000,105.818733,105.818733,105.521342,105.650723,0
1700077400000,105.650723,105.790862,105.468498,105.606636,0
1700077460000,105.606636,105.701511,105.518858,105.562162,0
1700077520000,105.562162,105.562162,105.204378,105.273283,0
1700077580000,105.273283,105.371911,104.967694,105.017229,0
1700077640000,105.017229,105.020550,104.713554,104.775086,0
1700077700000,104.775086,104.943796,104.645648,104.694126,0
1700077760000,104.694126,105.016103,104.694126,104.829100,0
1700077820000,104.829100,105.047635,104.829100,104.944722,0
1700077880000,104.944722,104.992126,104.856667,104.857398,0
1700077940000,104.857398,104.948628,104.698894,104.698894,0
1700078000000,104.698894,104.891643,104.635280,104.778871,0
1700078060000,104.778871,104.951916,104.778871,104.896060,0
1700078120000,104.896060,105.327418,104.893368,105.327418,0
1700078180000,105.327418,105.327418,104.935741,104.955888,0
1700078240000,104.955888,105.344421,104.955888,105.344421,0
1700078300000,105.344421,105.530406,105.344421,105.476929,0
1700078360000,105.476929,105.652649,105.375505,105.652649,0
1700078420000,105.652649,105.819425,105.248042,105.248943,0
1700078480000,105.248943,105.305543,105.073091,105.188708,0
1700078540000,105.188708,105.500675,105.188708,105.283545,0
1700078600000,105.283545,105.283545,105.050030,105.187465,0
1700078660000,105.187465,105.326959,105.148161,105.206256,0
1700078720000,105.206256,105.251375,105.114686,105.219971,0
1700078780000,105.219971,105.297992,104.955592,104.998594,0
1700078840000,104.998594,105.068611,104.760190,104.781197,0
1700078900000,104.781197,105.090202,104.759599,105.028701,0
1700078960000,105.028701,105.401246,104.965234,105.401246,0
1700079020000,105.401246,105.409285,105.158479,105.409285,0
1700079080000,105.409285,105.409285,105.146903,105.202981,0
1700079140000,105.202981,105.202981,104.820694,104.820694,0
1700079200000,104.820694,104.981511,104.725540,104.819664,0
1700079260000,104.819664,105.007562,104.738747,104.834174,0
1700079320000,104.834174,104.927487,104.704539,104.867586,0
1700079380000,104.867586,104.958842,104.802726,104.892350,0
1700079440000,104.892350,105.061717,104.681977,104.755579,0
1700079500000,104.755579,104.919120,104.755579,104.803060,0
1700079560000,104.803060,105.144176,104.803060,105.016249,0
1700079620000,105.016249,105.029089,104.895015,104.947605,0
1700079680000,104.947605,105.029161,104.827695,104.908178,0
1700079740000,104.908178,104.970330,104.602166,104.602166,0
1700079800000,104.602166,104.673737,104.432626,104.668568,0
1700079860000,104.668568,104.798958,104.509668,104.654982,0
1700079920000,104.654982,105.118424,104.645621,105.011932,0
1700079980000,105.011932,105.225740,104.907353,105.225740,0
1700080040000,105.225740,105.225740,104.937210,105.006828,0
1700080100000,105.006828,105.115035,104.889681,105.019950,0
1700080160000,105.019950,105.106078,104.960595,104.985727,0
1700080220000,104.985727,105.073343,104.825666,104.835062,0
1700080280000,104.835062,104.960910,104.752136,104.871905,0
1700080340000,104.871905,104.929327,104.644934,104.644934,0
1700080400000,104.644934,104.730725,104.454560,104.454560,0
1700080460000,104.454560,104.454560,104.141854,104.141854,0
1700080520000,104.141854,104.507860,104.141854,104.452215,0
1700080580000,104.452215,104.825575,104.338212,104.825575,0
1700080640000,104.825575,105.237954,104.804979,105.237954,0
1700080700000,105.237954,105.267715,104.819888,104.819888,0
1700080760000,104.819888,105.119245,104.743023,105.055654,0
1700080820000,105.055654,105.300052,105.055654,105.222529,0
1700080880000,105.222529,105.222529,104.962077,104.962077,0
1700080940000,104.962077,105.252981,104.962077,105.167930,0
1700081000000,105.167930,105.511696,105.167930,105.495402,0
1700081060000,105.495402,105.739971,105.447868,105.739971,0
1700081120000,105.739971,105.831393,105.659461,105.792404,0
1700081180000,105.792404,105.895233,105.653172,105.674486,0
1700081240000,105.674486,105.759834,105.470909,105.537722,0
1700081300000,105.537722,105.647718,105.477274,105.483426,0
1700081360000,105.483426,105.559941,105.412079,105.559941,0
1700081420000,105.559941,105.574074,105.335503,105.354362,0
1700081480000,105.354362,105.403948,105.169674,105.232258,0
1700081540000,105.232258,105.364448,105.145771,105.319288,0
1700081600000,105.319288,105.572975,105.290280,105.494921,0
1700081660000,105.494921,105.619892,105.337229,105.619892,0
1700081720000,105.619892,105.674540,105.181660,105.237313,0
1700081780000,105.237313,105.293341,104.874287,105.030915,0
1700081840000,105.030915,105.114026,104.916003,105.066478,0
1700081900000,105.066478,105.132424,105.010544,105.010544,0
1700081960000,105.010544,105.010544,104.784475,104.852144,0
1700082020000,104.852144,104.852896,104.557198,104.572834,0
1700082080000,104.572834,104.637058,104.377997,104.484839,0
1700082140000,104.484839,104.632470,104.471168,104.471168,0
1700082200000,104.471168,104.755497,104.471168,104.755497,0
1700082260000,104.755497,104.997678,104.755497,104.997678,0
1700082320000,104.997678,105.161641,104.877420,105.078639,0
1700082380000,105.078639,105.078639,104.814902,104.951673,0
1700082440000,104.951673,105.045141,104.858904,105.033316,0
1700082500000,105.033316,105.039229,104.657559,104.696081,0
1700082560000,104.696081,104.904961,104.684120,104.709149,0
1700082620000,104.709149,104.847710,104.608306,104.847710,0
1700082680000,104.847710,104.847710,104.620522,104.666659,0
1700082740000,104.666659,104.675320,104.419465,104.419465,0
1700082800000,104.419465,104.906635,104.368363,104.906635,0
1700082860000,104.906635,104.954792,104.673575,104.673575,0
1700082920000,104.673575,104.673575,104.388173,104.448226,0
1700082980000,104.448226,104.448226,104.182090,104.222949,0
1700083040000,104.222949,104.695778,104.222949,104.695778,0
1700083100000,104.695778,104.713420,104.478800,104.713420,0
1700083160000,104.713420,104.933034,104.682284,104.708298,0
1700083220000,104.708298,104.850518,104.665826,104.696978,0
1700083280000,104.696978,104.789212,104.444375,104.478524,0
1700083340000,104.478524,104.763856,104.389021,104.763856,0
1700083400000,104.763856,104.778485,104.530195,104.683958,0
1700083460000,104.683958,104.856881,104.645423,104.645423,0
1700083520000,104.645423,104.692324,104.483339,104.572965,0
1700083580000,104.572965,104.592357,104.462758,104.462758,0
1700083640000,104.462758,104.677580,104.326386,104.375750,0
1700083700000,104.375750,104.429108,104.286376,104.319923,0
1700083760000,104.319923,104.371615,104.112718,104.199076,0
1700083820000,104.199076,104.291462,104.148475,104.268582,0
1700083880000,104.268582,104.509900,104.268582,104.509900,0
1700083940000,104.509900,104.837426,104.509900,104.837426,0
1700084000000,104.837426,104.931270,104.750547,104.759272,0
1700084060000,104.759272,104.759272,104.557055,104.557055,0
1700084120000,104.557055,104.647827,104.503273,104.611605,0
1700084180000,104.611605,104.653583,104.499841,104.551215,0
1700084240000,104.551215,104.551215,104.325171,104.348458,0
1700084300000,104.348458,104.467658,104.195716,104.255970,0
1700084360000,104.255970,104.531368,104.255970,104.460939,0
1700084420000,104.460939,104.487182,104.283787,104.445125,0
1700084480000,104.445125,104.741383,104.445125,104.666980,0
1700084540000,104.666980,104.735701,104.583187,104.613226,0
1700084600000,104.613226,104.668249,104.446724,104.467119,0
1700084660000,104.467119,104.610856,104.452075,104.610856,0
1700084720000,104.610856,104.814468,104.597762,104.627304,0
1700084780000,104.627304,104.790267,104.627304,104.728811,0
1700084840000,104.728811,104.826101,104.689692,104.736573,0
1700084900000,104.736573,105.084396,104.736573,104.884067,0
1700084960000,104.884067,104.940665,104.640511,104.761735,0
1700085020000,104.761735,104.761735,104.535572,104.535572,0
1700085080000,104.535572,104.688194,104.402997,104.497796,0
1700085140000,104.497796,104.808210,104.417657,104.661151,0
1700085200000,104.661151,104.915022,104.661151,104.904728,0
1700085260000,104.904728,104.904728,104.624547,104.656326,0
1700085320000,104.656326,104.925369,104.656326,104.757606,0
1700085380000,104.757606,104.770133,104.496270,104.496270,0
1700085440000,104.496270,104.535073,104.409065,104.414315,0
1700085500000,104.414315,104.579446,104.414315,104.494283,0
1700085560000,104.494283,104.931629,104.494283,104.651044,0
1700085620000,104.651044,104.670437,104.450727,104.511374,0
1700085680000,104.511374,104.809552,104.439291,104.734845,0
1700085740000,104.734845,104.855653,104.693415,104.693415,0
1700085800000,104.693415,104.693415,104.312202,104.317480,0
1700085860000,104.317480,104.530511,104.161951,104.161951,0
1700085920000,104.161951,104.305634,104.082096,104.305634,0
1700085980000,104.305634,104.305634,104.068271,104.068271,0
1700086040000,104.068271,104.190493,103.979938,104.187411,0
1700086100000,104.187411,104.449790,104.101184,104.356926,0
1700086160000,104.356926,104.571138,104.356926,104.538493,0
1700086220000,104.538493,104.714544,104.484430,104.671955,0
1700086280000,104.671955,105.060206,104.657181,104.893353,0
1700086340000,104.893353,105.054195,104.868365,104.990043,0
1700086400000,104.990043,105.084885,104.917129,104.917129,0
1700086460000,104.917129,105.134044,104.904834,105.080366,0
1700086520000,105.080366,105.491764,105.062772,105.491764,0
1700086580000,105.491764,105.657675,105.485272,105.582383,0
1700086640000,105.582383,105.849866,105.582383,105.720259,0
1700086700000,105.720259,105.890788,105.720259,105.802732,0
1700086760000,105.802732,106.084715,105.789229,105.992797,0
1700086820000,105.992797,105.996579,105.902420,105.996579,0
1700086880000,105.996579,106.147325,105.910150,105.982080,0
1700086940000,105.982080,106.117103,105.895058,105.895058,0
1700087000000,105.895058,106.129771,105.844860,105.899325,0
1700087060000,105.899325,106.164881,105.878218,106.164881,0
1700087120000,106.164881,106.316930,106.119982,106.316930,0
1700087180000,106.316930,106.475664,106.316930,106.330004,0
1700087240000,106.330004,106.669389,106.304006,106.605050,0
1700087300000,106.605050,106.678048,106.525860,106.545252,0
1700087360000,106.545252,106.729744,106.443504,106.480444,0
1700087420000,106.480444,106.724194,106.463064,106.633978,0
1700087480000,106.633978,106.821211,106.633978,106.658890,0
1700087540000,106.658890,106.844864,106.563108,106.798487,0
1700087600000,106.798487,106.964931,106.673853,106.798034,0
1700087660000,106.798034,106.921641,106.593689,106.893725,0
1700087720000,106.893725,107.137421,106.893725,106.978072,0
1700087780000,106.978072,107.021391,106.779207,106.851248,0
1700087840000,106.851248,106.882970,106.716156,106.823491,0
1700087900000,106.823491,106.973780,106.777250,106.831203,0
1700087960000,106.831203,107.315966,106.831203,107.314133,0
1700088020000,107.314133,107.747941,107.298181,107.747941,0
1700088080000,107.747941,107.883198,107.577249,107.815589,0
1700088140000,107.815589,108.064449,107.588022,107.588022,0
1700088200000,107.588022,107.608151,107.392452,107.496559,0
1700088260000,107.496559,107.672127,107.406442,107.604308,0
1700088320000,107.604308,108.138052,107.604308,108.138052,0
1700088380000,108.138052,108.258759,108.011773,108.234999,0
1700088440000,108.234999,108.342461,107.765875,107.765875,0
1700088500000,107.765875,108.131155,107.765875,108.074503,0
1700088560000,108.074503,108.134751,107.870408,107.874439,0
1700088620000,107.874439,108.148976,107.767640,108.115012,0
1700088680000,108.115012,108.115012,107.809484,107.901107,0
1700088740000,107.901107,107.901107,107.536082,107.687808,0
1700088800000,107.687808,107.888538,107.626858,107.742340,0
1700088860000,107.742340,107.981012,107.637539,107.946831,0
1700088920000,107.946831,108.167137,107.868493,108.167137,0
1700088980000,108.167137,108.325581,108.080507,108.306200,0
1700089040000,108.306200,108.306200,108.105366,108.105366,0
1700089100000,108.105366,108.535774,108.025993,108.439860,0
1700089160000,108.439860,108.739774,108.433131,108.739774,0
1700089220000,108.739774,108.739774,108.473779,108.473779,0
1700089280000,108.473779,108.724970,108.473473,108.650983,0
1700089340000,108.650983,109.148491,108.650983,109.029416,0
1700089400000,109.029416,109.160848,108.995058,109.139285,0
1700089460000,109.139285,109.383606,109.139285,109.335912,0
1700089520000,109.335912,109.452258,109.285088,109.313059,0
1700089580000,109.313059,109.387349,109.086642,109.137773,0
1700089640000,109.137773,109.485859,109.137773,109.398080,0
1700089700000,109.398080,109.592355,109.347024,109.548055,0
1700089760000,109.548055,109.568477,109.252299,109.308047,0
1700089820000,109.308047,109.578635,109.267525,109.448104,0
1700089880000,109.448104,109.509351,109.300394,109.408967,0
1700089940000,109.408967,109.443376,108.848209,108.888424,0
1700090000000,108.888424,109.042339,108.823444,108.932449,0
1700090060000,108.932449,108.932449,108.507821,108.583453,0
1700090120000,108.583453,108.612617,108.342473,108.612617,0
1700090180000,108.612617,108.703977,108.370125,108.370125,0
1700090240000,108.370125,108.517529,108.304849,108.483559,0
1700090300000,108.483559,108.483559,108.209276,108.260628,0
1700090360000,108.260628,108.278295,108.143438,108.177414,0
1700090420000,108.177414,108.380224,108.122552,108.133935,0
1700090480000,108.133935,108.463118,108.081007,108.387217,0
1700090540000,108.387217,108.691056,108.277413,108.653051,0
1700090600000,108.653051,108.743273,108.554054,108.575965,0
1700090660000,108.575965,108.604033,108.181513,108.206707,0
1700090720000,108.206707,108.281582,107.938625,107.992349,0
1700090780000,107.992349,107.992349,107.831915,107.939221,0
1700090840000,107.939221,108.332358,107.830251,108.158151,0
1700090900000,108.158151,108.350081,107.986814,108.343080,0
1700090960000,108.343080,108.415024,108.243661,108.338915,0
1700091020000,108.338915,108.456840,108.214106,108.317433,0
1700091080000,108.317433,108.997329,108.317433,108.951067,0
1700091140000,108.951067,108.980390,108.819987,108.845353,0
1700091200000,108.845353,109.108501,108.815034,108.830296,0
1700091260000,108.830296,109.013052,108.803647,108.957551,0
1700091320000,108.957551,109.257671,108.930942,109.257671,0
1700091380000,109.257671,109.341617,108.951209,108.951209,0
1700091440000,108.951209,109.017960,108.817230,109.017960,0
1700091500000,109.017960,109.098983,108.924181,108.926293,0
1700091560000,108.926293,109.069434,108.831567,108.843355,0
1700091620000,108.843355,108.843355,108.645427,108.788721,0
1700091680000,108.788721,109.149313,108.706844,109.149313,0
1700091740000,109.149313,109.422302,109.149313,109.367962,0
1700091800000,109.367962,109.608638,109.233044,109.608638,0
1700091860000,109.608638,109.677710,109.361481,109.469179,0
1700091920000,109.469179,109.778246,109.469179,109.778246,0
1700091980000,109.778246,109.872417,109.709384,109.800476,0
1700092040000,109.800476,109.989573,109.772547,109.989573,0
1700092100000,109.989573,110.118165,109.778369,109.778369,0
1700092160000,109.778369,109.786689,109.530094,109.545359,0
1700092220000,109.545359,109.859057,109.545359,109.859057,0
1700092280000,109.859057,109.919812,109.697128,109.919812,0
1700092340000,109.919812,110.084761,109.908985,109.979307,0
1700092400000,109.979307,110.483668,109.863871,110.466990,0
1700092460000,110.466990,110.519763,110.058443,110.217866,0
1700092520000,110.217866,110.242786,109.985366,109.985366,0
1700092580000,109.985366,110.297192,109.963217,110.197314,0
1700092640000,110.197314,110.624256,110.179271,110.538534,0
1700092700000,110.538534,110.758599,110.530007,110.632385,0
1700092760000,110.632385,110.889371,110.561267,110.889371,0
1700092820000,110.889371,110.946894,110.760186,110.811510,0
1700092880000,110.811510,110.836597,110.622998,110.662114,0
1700092940000,110.662114,110.940855,110.662114,110.940855,0
1700093000000,110.940855,111.156479,110.802549,110.958345,0
1700093060000,110.958345,111.074448,110.801865,110.890706,0
1700093120000,110.890706,110.952850,110.793118,110.952850,0
1700093180000,110.952850,111.281514,110.946572,111.281514,0
1700093240000,111.281514,111.332099,111.042064,111.204617,0
1700093300000,111.204617,111.307570,111.133023,111.257687,0
1700093360000,111.257687,111.296446,111.054874,111.054874,0
1700093420000,111.054874,111.054874,110.835734,110.908791,0
1700093480000,110.908791,111.234724,110.858099,111.234724,0
1700093540000,111.234724,111.374159,111.012452,111.012452,0
1700093600000,111.012452,111.104145,110.903928,110.941172,0
1700093660000,110.941172,111.122122,110.909867,110.936612,0
1700093720000,110.936612,110.989187,110.894106,110.937655,0
1700093780000,110.937655,111.103243,110.858900,110.947744,0
1700093840000,110.947744,110.947744,110.569235,110.636761,0
1700093900000,110.636761,110.908903,110.538080,110.538080,0
1700093960000,110.538080,110.558716,110.244856,110.244856,0
1700094020000,110.244856,110.244856,110.066845,110.066845,0
1700094080000,110.066845,110.137679,109.886631,109.953177,0
1700094140000,109.953177,109.991789,109.820600,109.871965,0
1700094200000,109.871965,110.041687,109.728513,109.913261,0
1700094260000,109.913261,109.913261,109.714464,109.835585,0
1700094320000,109.835585,110.170749,109.835585,109.920055,0
1700094380000,109.920055,110.093547,109.910988,109.991134,0
1700094440000,109.991134,110.056763,109.809432,109.898716,0
1700094500000,109.898716,110.025046,109.827804,109.827804,0
1700094560000,109.827804,110.174492,109.827804,110.174492,0
1700094620000,110.174492,110.216502,109.798266,109.798266,0
1700094680000,109.798266,109.889302,109.644534,109.836975,0
1700094740000,109.836975,110.024462,109.776437,109.845877,0
1700094800000,109.845877,109.845877,109.519789,109.653307,0
1700094860000,109.653307,109.772919,109.400630,109.447240,0
1700094920000,109.447240,109.452541,109.254126,109.306193,0
1700094980000,109.306193,109.589482,109.306193,109.565570,0
1700095040000,109.565570,109.994534,109.565570,109.994534,0
1700095100000,109.994534,110.464948,109.994534,110.382699,0
1700095160000,110.382699,110.495902,110.305595,110.348981,0
1700095220000,110.348981,110.348981,110.072985,110.268455,0
1700095280000,110.268455,110.327281,110.059271,110.150080,0
1700095340000,110.150080,110.216437,110.004665,110.206534,0
1700095400000,110.206534,110.410240,110.080583,110.410240,0
1700095460000,110.410240,110.541652,110.134573,110.177289,0
1700095520000,110.177289,110.281197,109.893121,110.281197,0
1700095580000,110.281197,110.481813,110.225940,110.481813,0
1700095640000,110.481813,110.971994,110.466974,110.971994,0
1700095700000,110.971994,111.275114,110.900457,111.275114,0
1700095760000,111.275114,111.362275,111.147709,111.246060,0
1700095820000,111.246060,111.563481,111.246060,111.476722,0
1700095880000,111.476722,111.532166,111.387644,111.485650,0
1700095940000,111.485650,111.736566,111.450215,111.736566,0
1700096000000,111.736566,111.878073,111.642360,111.777337,0
1700096060000,111.777337,111.845735,111.583931,111.624782,0
1700096120000,111.624782,111.850906,111.603440,111.788492,0
1700096180000,111.788492,111.889454,111.539277,111.610820,0
1700096240000,111.610820,111.751537,111.474618,111.608432,0
1700096300000,111.608432,111.807726,111.607710,111.614192,0
1700096360000,111.614192,111.922304,111.556664,111.922304,0
1700096420000,111.922304,112.153682,111.922304,112.095386,0
1700096480000,112.095386,112.440073,112.089255,112.382338,0
1700096540000,112.382338,112.429207,112.241182,112.286444,0
1700096600000,112.286444,112.300647,112.013050,112.249342,0
1700096660000,112.249342,112.315098,112.144932,112.315098,0
1700096720000,112.315098,112.621019,112.212393,112.621019,0
1700096780000,112.621019,112.621019,112.313682,112.416884,0
1700096840000,112.416884,112.464141,112.266088,112.365540,0
1700096900000,112.365540,112.602278,112.320415,112.529325,0
1700096960000,112.529325,112.529325,112.266820,112.378528,0
1700097020000,112.378528,112.606254,112.342784,112.540381,0
1700097080000,112.540381,112.573541,112.365938,112.404889,0
1700097140000,112.404889,112.580407,112.334018,112.334018,0
1700097200000,112.334018,112.334018,111.732061,111.771373,0
1700097260000,111.771373,111.781410,111.401263,111.442105,0
1700097320000,111.442105,111.962044,111.442105,111.864902,0
1700097380000,111.864902,111.983202,111.813332,111.896853,0
1700097440000,111.896853,112.140768,111.826980,112.135534,0
1700097500000,112.135534,112.208676,112.005485,112.087661,0
1700097560000,112.087661,112.088743,111.875221,111.881329,0
1700097620000,111.881329,112.002708,111.655445,111.677173,0
1700097680000,111.677173,111.753024,111.623664,111.726818,0
1700097740000,111.726818,111.858270,111.685753,111.713313,0
1700097800000,111.713313,111.817231,111.639551,111.817231,0
1700097860000,111.817231,112.028389,111.752862,111.854768,0
1700097920000,111.854768,112.132006,111.854768,112.132006,0
1700097980000,112.132006,112.253117,111.994266,112.149193,0
1700098040000,112.149193,112.187939,112.023977,112.126595,0
1700098100000,112.126595,112.304993,112.048730,112.182506,0
1700098160000,112.182506,112.443370,112.150290,112.443370,0
1700098220000,112.443370,112.616700,112.119243,112.119243,0
1700098280000,112.119243,112.209335,112.091734,112.209335,0
1700098340000,112.209335,112.522817,112.209335,112.393726,0
1700098400000,112.393726,112.680803,112.347737,112.680803,0
1700098460000,112.680803,112.723941,112.534366,112.686249,0
1700098520000,112.686249,112.856897,112.686249,112.727753,0
1700098580000,112.727753,112.834994,112.644246,112.644246,0
1700098640000,112.644246,112.959358,112.517071,112.959358,0
1700098700000,112.959358,113.309961,112.934016,113.281449,0
1700098760000,113.281449,113.466716,113.265114,113.416155,0
1700098820000,113.416155,113.759873,113.416155,113.759873,0
1700098880000,113.759873,113.817066,113.467886,113.765838,0
1700098940000,113.765838,113.946765,113.765838,113.920408,0
1700099000000,113.920408,114.061133,113.741516,114.061133,0
1700099060000,114.061133,114.216685,114.023675,114.216685,0
1700099120000,114.216685,114.315134,113.958819,114.100657,0
1700099180000,114.100657,114.195403,113.987056,114.050809,0
1700099240000,114.050809,114.470085,113.993521,114.470085,0
1700099300000,114.470085,114.521247,114.030588,114.112542,0
1700099360000,114.112542,114.112542,113.616342,113.616342,0
1700099420000,113.616342,114.013108,113.616342,114.013108,0
1700099480000,114.013108,114.254778,114.013108,114.254778,0
1700099540000,114.254778,114.568500,114.167227,114.300025,0
1700099600000,114.300025,114.503258,114.236620,114.503258,0
1700099660000,114.503258,114.519757,114.266012,114.359022,0
1700099720000,114.359022,114.359022,114.004246,114.103654,0
1700099780000,114.103654,114.132240,113.689359,113.802164,0
1700099840000,113.802164,114.004117,113.700814,113.977664,0
1700099900000,113.977664,114.106224,113.923274,114.024160,0
1700099960000,114.024160,114.222078,113.973406,114.071718,0
1700100020000,114.071718,114.107939,113.956998,114.011719,0
1700100080000,114.011719,114.059904,113.891311,114.053620,0
1700100140000,114.053620,114.383109,114.053620,114.383109,0
1700100200000,114.383109,114.556933,114.251434,114.251434,0
1700100260000,114.251434,114.525501,114.251434,114.369799,0
1700100320000,114.369799,114.369799,114.005102,114.206101,0
1700100380000,114.206101,114.336303,114.028797,114.120752,0
1700100440000,114.120752,114.520783,114.104651,114.475903,0
1700100500000,114.475903,114.498014,114.161907,114.161907,0
1700100560000,114.161907,114.161907,113.729260,113.795254,0
1700100620000,113.795254,114.153935,113.795254,114.083086,0
1700100680000,114.083086,114.266195,113.986495,113.986495,0
1700100740000,113.986495,114.483203,113.986495,114.483203,0
1700100800000,114.483203,115.148872,114.483203,115.148872,0
1700100860000,115.148872,115.344588,115.148872,115.199417,0
1700100920000,115.199417,115.313532,114.982414,115.313532,0
1700100980000,115.313532,115.634953,115.280434,115.294696,0
1700101040000,115.294696,115.653287,115.266245,115.471273,0
1700101100000,115.471273,115.551376,115.218198,115.355026,0
1700101160000,115.355026,115.799034,115.355026,115.678265,0
1700101220000,115.678265,115.932440,115.678265,115.886062,0
1700101280000,115.886062,116.223484,115.872664,116.107012,0
1700101340000,116.107012,116.107012,115.500091,115.500091,0
1700101400000,115.500091,115.857926,115.500091,115.772660,0
1700101460000,115.772660,116.001001,115.732392,115.908587,0
1700101520000,115.908587,116.088432,115.799929,115.799929,0
1700101580000,115.799929,116.358845,115.799929,116.354433,0
1700101640000,116.354433,116.354433,116.077240,116.090361,0
1700101700000,116.090361,116.528955,116.090361,116.431696,0
1700101760000,116.431696,116.431696,116.252453,116.365543,0
1700101820000,116.365543,116.649459,116.276860,116.597460,0
1700101880000,116.597460,116.597460,116.431856,116.433960,0
1700101940000,116.433960,116.592745,116.368643,116.468896,0
1700102000000,116.468896,116.541349,116.272642,116.315378,0
1700102060000,116.315378,116.329152,116.157136,116.157136,0
1700102120000,116.157136,116.223038,115.966494,116.103111,0
1700102180000,116.103111,116.439930,116.096013,116.338886,0
1700102240000,116.338886,116.431208,116.220907,116.373773,0
1700102300000,116.373773,116.546877,116.283327,116.546877,0
1700102360000,116.546877,116.823360,116.413881,116.795318,0
1700102420000,116.795318,116.851160,116.649888,116.657849,0
1700102480000,116.657849,116.752821,116.439191,116.479061,0
1700102540000,116.479061,116.622933,116.292257,116.596016,0
1700102600000,116.596016,116.644928,116.396256,116.452960,0
1700102660000,116.452960,116.716426,116.376355,116.716426,0
1700102720000,116.716426,116.873197,116.659310,116.856170,0
1700102780000,116.856170,117.007329,116.853935,116.921666,0
1700102840000,116.921666,116.994188,116.726840,116.726840,0
1700102900000,116.726840,116.915861,116.594888,116.594888,0
1700102960000,116.594888,116.680826,116.488543,116.651108,0
1700103020000,116.651108,116.651108,116.334183,116.567858,0
1700103080000,116.567858,116.890139,116.546859,116.890139,0
1700103140000,116.890139,116.915402,116.757723,116.757723,0
1700103200000,116.757723,116.918362,116.641191,116.707856,0
1700103260000,116.707856,116.918805,116.502466,116.906689,0
1700103320000,116.906689,116.919637,116.732042,116.846792,0
1700103380000,116.846792,116.889288,116.753257,116.796356,0
1700103440000,116.796356,117.105120,116.796356,117.024184,0
1700103500000,117.024184,117.024184,116.652096,116.763791,0
1700103560000,116.763791,116.805503,116.323809,116.323809,0
1700103620000,116.323809,116.668813,116.212636,116.664831,0
1700103680000,116.664831,116.744378,116.451435,116.578635,0
1700103740000,116.578635,116.578635,116.198314,116.311712,0
1700103800000,116.311712,116.504151,116.280839,116.437069,0
1700103860000,116.437069,116.456698,116.308717,116.456698,0
1700103920000,116.456698,116.596429,116.383175,116.383175,0
1700103980000,116.383175,116.866787,116.363918,116.866787,0
1700104040000,116.866787,117.128389,116.735043,116.898534,0
1700104100000,116.898534,117.052084,116.796607,116.796607,0
1700104160000,116.796607,116.810783,116.492034,116.508221,0
1700104220000,116.508221,116.565605,116.354590,116.492603,0
1700104280000,116.492603,116.783055,116.341991,116.783055,0
1700104340000,116.783055,116.861862,116.511489,116.641203,0
1700104400000,116.641203,116.641680,116.216631,116.424398,0
1700104460000,116.424398,117.031928,116.424398,116.940499,0
1700104520000,116.940499,116.940499,116.534661,116.646674,0
1700104580000,116.646674,116.773748,116.488951,116.577023,0
1700104640000,116.577023,116.744052,116.546519,116.658095,0
1700104700000,116.658095,116.734644,116.418360,116.585034,0
1700104760000,116.585034,116.585034,116.435590,116.468657,0
1700104820000,116.468657,116.494773,116.235271,116.364091,0
1700104880000,116.364091,116.546694,116.249429,116.249429,0
1700104940000,116.249429,116.600120,116.249429,116.260230,0
1700105000000,116.260230,116.364618,116.052342,116.364618,0
1700105060000,116.364618,116.418731,116.201452,116.228015,0
1700105120000,116.228015,116.258948,115.848493,115.848493,0
1700105180000,115.848493,115.960617,115.721454,115.825358,0
1700105240000,115.825358,115.872531,115.281014,115.281014,0
1700105300000,115.281014,115.440311,115.164573,115.358717,0
1700105360000,115.358717,115.358717,115.060219,115.229395,0
1700105420000,115.229395,115.488645,115.207822,115.375590,0
1700105480000,115.375590,115.375590,114.891301,115.007464,0
1700105540000,115.007464,115.111833,114.906059,114.948599,0
1700105600000,114.948599,115.036889,114.740167,114.751616,0
1700105660000,114.751616,114.771762,114.604001,114.643708,0
1700105720000,114.643708,115.423978,114.643708,115.423978,0
1700105780000,115.423978,115.423978,115.143819,115.302833,0
1700105840000,115.302833,115.336284,115.175253,115.177472,0
1700105900000,115.177472,115.235450,114.808769,114.985810,0
1700105960000,114.985810,115.257618,114.984509,115.027202,0
1700106020000,115.027202,115.095323,114.798474,114.798474,0
1700106080000,114.798474,115.012924,114.640473,114.973025,0
1700106140000,114.973025,115.006106,114.738600,114.853374,0
1700106200000,114.853374,114.868755,114.430301,114.430301,0
1700106260000,114.430301,114.517419,114.253094,114.253094,0
1700106320000,114.253094,114.481244,114.223335,114.291506,0
1700106380000,114.291506,114.291506,113.978001,114.157041,0
1700106440000,114.157041,114.766910,114.147235,114.748717,0
1700106500000,114.748717,114.798194,114.546470,114.701190,0
1700106560000,114.701190,114.842407,114.549650,114.832188,0
1700106620000,114.832188,114.957589,114.806506,114.900841,0
1700106680000,114.900841,115.152775,114.900841,115.016535,0
1700106740000,115.016535,115.444013,114.946739,115.284227,0
1700106800000,115.284227,115.297434,114.988262,114.988262,0
1700106860000,114.988262,114.988262,114.818612,114.818612,0
1700106920000,114.818612,115.052907,114.818612,114.843685,0
1700106980000,114.843685,114.956965,114.563434,114.636925,0
1700107040000,114.636925,114.636925,114.331695,114.501496,0
1700107100000,114.501496,114.877803,114.482252,114.877803,0
1700107160000,114.877803,114.975499,114.704954,114.804736,0
1700107220000,114.804736,114.956134,114.628498,114.628498,0
1700107280000,114.628498,114.877499,114.604586,114.877499,0
1700107340000,114.877499,114.877499,114.560097,114.770277,0
1700107400000,114.770277,114.792867,114.587864,114.730693,0
1700107460000,114.730693,114.730693,114.547138,114.714986,0
1700107520000,114.714986,114.714986,114.272779,114.356201,0
1700107580000,114.356201,114.490083,114.292142,114.372233,0
1700107640000,114.372233,114.440001,114.282421,114.282421,0
1700107700000,114.282421,114.627383,114.261357,114.387916,0
1700107760000,114.387916,114.387916,114.022557,114.043005,0
1700107820000,114.043005,114.070814,113.866743,113.866743,0
1700107880000,113.866743,113.918146,113.734436,113.734436,0
1700107940000,113.734436,113.814608,113.393097,113.393097,0
1700108000000,113.393097,113.566855,113.375115,113.399806,0
1700108060000,113.399806,113.427016,113.017276,113.350599,0
1700108120000,113.350599,113.422928,113.172320,113.223303,0
1700108180000,113.223303,113.363696,113.223303,113.363696,0
1700108240000,113.363696,113.522536,113.295933,113.522536,0
1700108300000,113.522536,113.647780,113.106531,113.106531,0
1700108360000,113.106531,113.611506,113.106531,113.602306,0
1700108420000,113.602306,113.625808,113.235382,113.252491,0
1700108480000,113.252491,113.252491,113.099852,113.212930,0
1700108540000,113.212930,113.266996,113.085974,113.200201,0
1700108600000,113.200201,113.364285,113.194256,113.294949,0
1700108660000,113.294949,113.440021,113.111629,113.187289,0
1700108720000,113.187289,113.314456,113.123197,113.137706,0
1700108780000,113.137706,113.364001,113.121659,113.145221,0
1700108840000,113.145221,113.159824,112.991510,113.077516,0
1700108900000,113.077516,113.081387,112.656865,112.773625,0
1700108960000,112.773625,112.939979,112.773625,112.924803,0
1700109020000,112.924803,112.975973,112.740424,112.868145,0
1700109080000,112.868145,112.971581,112.770862,112.963315,0
1700109140000,112.963315,113.611957,112.963315,113.611957,0
1700109200000,113.611957,113.834004,113.584237,113.614327,0
1700109260000,113.614327,113.774927,113.614327,113.751875,0
1700109320000,113.751875,113.985726,113.626726,113.985726,0
1700109380000,113.985726,114.247553,113.985726,114.022520,0
1700109440000,114.022520,114.022520,113.810674,113.810674,0
1700109500000,113.810674,113.930059,113.437383,113.579459,0
1700109560000,113.579459,113.719486,113.502307,113.710594,0
1700109620000,113.710594,113.710594,113.465734,113.539132,0
1700109680000,113.539132,113.565487,113.249591,113.437578,0
1700109740000,113.437578,113.465185,113.150852,113.317636,0
1700109800000,113.317636,113.392206,113.260013,113.319433,0
1700109860000,113.319433,113.523243,113.303107,113.455696,0
1700109920000,113.455696,113.505151,113.213260,113.323781,0
1700109980000,113.323781,113.609850,113.273474,113.321111,0
1700110040000,113.321111,113.646974,113.219368,113.646974,0
1700110100000,113.646974,113.646974,113.150079,113.281965,0
1700110160000,113.281965,113.501642,113.225847,113.346253,0
1700110220000,113.346253,113.645898,113.346253,113.645898,0
1700110280000,113.645898,113.645898,113.178346,113.387046,0
1700110340000,113.387046,113.606279,113.344566,113.591895,0
1700110400000,113.591895,113.607523,113.297827,113.418541,0
1700110460000,113.418541,113.683563,113.264336,113.683563,0
1700110520000,113.683563,113.908207,113.678547,113.874403,0
1700110580000,113.874403,114.206760,113.874403,114.095717,0
1700110640000,114.095717,114.118972,113.921399,114.118972,0
1700110700000,114.118972,114.530130,114.118972,114.447643,0
1700110760000,114.447643,114.583935,114.350988,114.447859,0
1700110820000,114.447859,114.464765,114.131492,114.205284,0
1700110880000,114.205284,114.286540,114.068969,114.254730,0
1700110940000,114.254730,114.254730,113.870200,114.194292,0
1700111000000,114.194292,114.194292,113.963694,113.963694,0
1700111060000,113.963694,113.963694,113.734846,113.734846,0
1700111120000,113.734846,113.734846,113.430315,113.485595,0
1700111180000,113.485595,113.731470,113.416013,113.623529,0
1700111240000,113.623529,113.765308,113.491770,113.650259,0
1700111300000,113.650259,113.958618,113.568554,113.909624,0
1700111360000,113.909624,113.909624,113.667617,113.831651,0
1700111420000,113.831651,114.226634,113.813189,114.143862,0
1700111480000,114.143862,114.486533,114.037300,114.357337,0
1700111540000,114.357337,114.361685,113.989755,114.132394,0
1700111600000,114.132394,114.358602,114.132394,114.289592,0
1700111660000,114.289592,114.289592,113.720990,113.720990,0
1700111720000,113.720990,113.790618,113.604083,113.654678,0
1700111780000,113.654678,113.654678,113.397716,113.530528,0
1700111840000,113.530528,113.576775,113.379064,113.401966,0
1700111900000,113.401966,113.465506,113.208687,113.208687,0
1700111960000,113.208687,113.208687,112.885980,113.145280,0
1700112020000,113.145280,113.181762,112.897372,112.901078,0
1700112080000,112.901078,113.010878,112.614670,112.614670,0
1700112140000,112.614670,112.614670,112.145054,112.236071,0
1700112200000,112.236071,112.312632,112.120616,112.120616,0
1700112260000,112.120616,112.549187,112.120616,112.269946,0
1700112320000,112.269946,112.420487,112.094759,112.420487,0
1700112380000,112.420487,112.587653,112.404095,112.587653,0
1700112440000,112.587653,113.088488,112.577531,113.044347,0
1700112500000,113.044347,113.044347,112.492089,112.645676,0
1700112560000,112.645676,112.811760,112.567925,112.672371,0
1700112620000,112.672371,113.065848,112.672371,113.065848,0
1700112680000,113.065848,113.236744,112.999148,113.123200,0
1700112740000,113.123200,113.654359,113.123200,113.654359,0
1700112800000,113.654359,113.971398,113.654359,113.839055,0
1700112860000,113.839055,113.877556,113.721127,113.829416,0
1700112920000,113.829416,113.977720,113.740549,113.819462,0
1700112980000,113.819462,113.844599,113.631868,113.704980,0
1700113040000,113.704980,113.801830,113.528505,113.801830,0
1700113100000,113.801830,113.867223,113.713950,113.768800,0
1700113160000,113.768800,113.861393,113.558198,113.658516,0
1700113220000,113.658516,113.781641,113.537463,113.582131,0
1700113280000,113.582131,113.859043,113.582131,113.776326,0
1700113340000,113.776326,114.138680,113.768470,113.904895,0
1700113400000,113.904895,114.414182,113.814654,114.404462,0
1700113460000,114.404462,114.482225,114.279651,114.455301,0
1700113520000,114.455301,114.662744,114.390483,114.656078,0
1700113580000,114.656078,115.051804,114.635039,115.051804,0
1700113640000,115.051804,115.282995,114.893328,114.893328,0
1700113700000,114.893328,115.045036,114.804230,114.999063,0
1700113760000,114.999063,115.401966,114.999063,115.292889,0
1700113820000,115.292889,115.520524,115.089266,115.439484,0
1700113880000,115.439484,115.559665,115.129381,115.129381,0
1700113940000,115.129381,115.446074,115.129381,115.362320,0
1700114000000,115.362320,115.432649,115.223243,115.258730,0
1700114060000,115.258730,115.293577,115.157380,115.266594,0
1700114120000,115.266594,115.469383,115.266594,115.393499,0
1700114180000,115.393499,115.460385,115.096544,115.133362,0
1700114240000,115.133362,115.287004,115.066304,115.117532,0
1700114300000,115.117532,115.390572,115.099633,115.280515,0
1700114360000,115.280515,115.504413,115.280515,115.403307,0
1700114420000,115.403307,115.721322,115.403307,115.515289,0
1700114480000,115.515289,115.608803,115.395353,115.395353,0
1700114540000,115.395353,115.767700,115.294135,115.550025,0
1700114600000,115.550025,115.813132,115.475945,115.574559,0
1700114660000,115.574559,115.813832,115.514578,115.604430,0
1700114720000,115.604430,115.652733,115.379625,115.459162,0
1700114780000,115.459162,115.634909,115.406151,115.634909,0
1700114840000,115.634909,115.779316,115.600026,115.701363,0
1700114900000,115.701363,115.752532,115.490618,115.560027,0
1700114960000,115.560027,115.580777,115.316069,115.422818,0
1700115020000,115.422818,115.422818,115.200751,115.216953,0
1700115080000,115.216953,115.299166,115.033403,115.215647,0
1700115140000,115.215647,115.215647,114.931148,114.950992,0
1700115200000,114.950992,115.001667,114.838416,114.898700,0
1700115260000,114.898700,115.066256,114.851634,115.040707,0
1700115320000,115.040707,115.514231,115.038571,115.392261,0
1700115380000,115.392261,115.854938,115.392261,115.854938,0
1700115440000,115.854938,116.059336,115.847771,115.949011,0
1700115500000,115.949011,116.284340,115.949011,116.175827,0
1700115560000,116.175827,116.334645,116.031445,116.031445,0
1700115620000,116.031445,116.472139,115.916864,116.432577,0
1700115680000,116.432577,116.745283,116.393559,116.671132,0
1700115740000,116.671132,116.706683,116.525640,116.562070,0
1700115800000,116.562070,116.779682,116.459114,116.698347,0
1700115860000,116.698347,116.992076,116.698347,116.870785,0
1700115920000,116.870785,117.189877,116.825851,117.069657,0
1700115980000,117.069657,117.182191,116.895375,116.929404,0
1700116040000,116.929404,116.929404,116.407180,116.407180,0
1700116100000,116.407180,116.497450,116.164766,116.164766,0
1700116160000,116.164766,116.164766,115.765094,115.803224,0
1700116220000,115.803224,116.238293,115.803224,116.238293,0
1700116280000,116.238293,116.422601,116.007790,116.422601,0
1700116340000,116.422601,116.475359,116.228219,116.327944,0
1700116400000,116.327944,116.415016,116.216126,116.284446,0
1700116460000,116.284446,116.284446,115.963160,115.963160,0
1700116520000,115.963160,116.290919,115.935458,116.290919,0
1700116580000,116.290919,116.290919,116.084773,116.196016,0
1700116640000,116.196016,116.202937,115.717382,115.717382,0
1700116700000,115.717382,115.943904,115.672066,115.927081,0
1700116760000,115.927081,115.986566,115.812766,115.952552,0
1700116820000,115.952552,116.049660,115.619765,115.701960,0
1700116880000,115.701960,115.848892,115.659791,115.820995,0
1700116940000,115.820995,115.835381,115.608177,115.835381,0
1700117000000,115.835381,115.835381,115.667090,115.741785,0
1700117060000,115.741785,115.824775,115.512399,115.515465,0
1700117120000,115.515465,115.707662,115.490380,115.503313,0
1700117180000,115.503313,115.547330,115.202802,115.358915,0
1700117240000,115.358915,115.501532,115.264743,115.461617,0
1700117300000,115.461617,115.896617,115.461617,115.745679,0
1700117360000,115.745679,115.960437,115.655236,115.655236,0
1700117420000,115.655236,115.847761,115.640488,115.796820,0
1700117480000,115.796820,116.090100,115.689835,116.090100,0
1700117540000,116.090100,116.090100,115.696660,115.792817,0
1700117600000,115.792817,115.809584,115.600383,115.600383,0
1700117660000,115.600383,115.600383,115.415022,115.494655,0
1700117720000,115.494655,115.646803,115.494655,115.549266,0
1700117780000,115.549266,115.575149,115.260216,115.260216,0
1700117840000,115.260216,115.418574,115.207035,115.311149,0
1700117900000,115.311149,115.575328,115.185846,115.430016,0
1700117960000,115.430016,115.482915,115.307298,115.439443,0
1700118020000,115.439443,115.659005,115.307396,115.523314,0
1700118080000,115.523314,115.725674,115.448001,115.448001,0
1700118140000,115.448001,115.684416,115.448001,115.496028,0
1700118200000,115.496028,115.646787,115.454337,115.636012,0
1700118260000,115.636012,115.860560,115.636012,115.778669,0
1700118320000,115.778669,115.997152,115.632137,115.988165,0
1700118380000,115.988165,116.236770,115.967843,116.142089,0
1700118440000,116.142089,116.208068,115.835966,116.205907,0
1700118500000,116.205907,116.281636,116.034217,116.223889,0
1700118560000,116.223889,116.354137,116.124440,116.172074,0
1700118620000,116.172074,116.172074,115.876371,115.876371,0
1700118680000,115.876371,116.364539,115.876371,116.337613,0
1700118740000,116.337613,116.475561,116.129338,116.250611,0
1700118800000,116.250611,116.250611,115.801299,115.804133,0
1700118860000,115.804133,115.872095,115.495849,115.495849,0
1700118920000,115.495849,115.557175,115.387290,115.517340,0
1700118980000,115.517340,115.592158,115.363171,115.539613,0
1700119040000,115.539613,115.615679,115.185166,115.320641,0
1700119100000,115.320641,115.362532,115.097412,115.221827,0
1700119160000,115.221827,115.221827,114.912961,114.912961,0
1700119220000,114.912961,115.055262,114.837407,114.999977,0
1700119280000,114.999977,115.052646,114.779256,114.794433,0
1700119340000,114.794433,114.821011,114.405568,114.405568,0
1700119400000,114.405568,114.471983,114.167636,114.432302,0
1700119460000,114.432302,114.460286,114.271552,114.342814,0
1700119520000,114.342814,114.511627,114.191973,114.191973,0
1700119580000,114.191973,114.588987,114.191973,114.437267,0
1700119640000,114.437267,114.570990,114.228814,114.288258,0
1700119700000,114.288258,114.612366,114.288258,114.477456,0
1700119760000,114.477456,114.994808,114.477456,114.768604,0
1700119820000,114.768604,115.032180,114.768604,114.875153,0
1700119880000,114.875153,114.977366,114.764302,114.794269,0
1700119940000,114.794269,114.970265,114.737466,114.780532,0
1700120000000,114.780532,114.977633,114.697360,114.914549,0
1700120060000,114.914549,115.009145,114.802841,114.895862,0
1700120120000,114.895862,115.149394,114.852994,115.005733,0
1700120180000,115.005733,115.009874,114.801168,114.809447,0
1700120240000,114.809447,115.034531,114.777725,114.870978,0
1700120300000,114.870978,114.943867,114.595127,114.943867,0
1700120360000,114.943867,114.943867,114.381821,114.447556,0
1700120420000,114.447556,114.658133,114.318498,114.542135,0
1700120480000,114.542135,114.550623,114.334392,114.519590,0
1700120540000,114.519590,114.767314,114.422876,114.743063,0
1700120600000,114.743063,114.745546,114.359529,114.580126,0
1700120660000,114.580126,114.699685,114.219138,114.699685,0
1700120720000,114.699685,114.807679,114.585175,114.616512,0
1700120780000,114.616512,115.015255,114.540754,114.904211,0
1700120840000,114.904211,115.080458,114.875156,114.902979,0
1700120900000,114.902979,115.121539,114.902979,114.955147,0
1700120960000,114.955147,115.132746,114.903502,114.985189,0
1700121020000,114.985189,115.132357,114.910107,114.955578,0
1700121080000,114.955578,114.984500,114.778003,114.984500,0
1700121140000,114.984500,115.058265,114.689438,114.689438,0
1700121200000,114.689438,114.689438,114.444914,114.596106,0
1700121260000,114.596106,114.596106,114.123903,114.200587,0
1700121320000,114.200587,114.200587,113.740979,113.796424,0
1700121380000,113.796424,113.861409,113.697856,113.825929,0
1700121440000,113.825929,114.115879,113.816214,114.115879,0
1700121500000,114.115879,114.144920,113.790432,113.902895,0
1700121560000,113.902895,114.068192,113.874573,113.998734,0
1700121620000,113.998734,113.998734,113.850837,113.965075,0
1700121680000,113.965075,114.230615,113.965075,114.107408,0
1700121740000,114.107408,114.415615,114.107408,114.415615,0
1700121800000,114.415615,114.615821,114.399094,114.615821,0
1700121860000,114.615821,114.917393,114.615821,114.840983,0
1700121920000,114.840983,114.999705,114.796883,114.999705,0
1700121980000,114.999705,115.276130,114.999705,115.168960,0
1700122040000,115.168960,115.346822,115.041702,115.094852,0
1700122100000,115.094852,115.162841,114.716428,115.162841,0
1700122160000,115.162841,115.168295,114.879968,115.007625,0
1700122220000,115.007625,115.101436,114.844710,114.982846,0
1700122280000,114.982846,115.115660,114.840456,115.115660,0
1700122340000,115.115660,115.176408,115.038062,115.162092,0
1700122400000,115.162092,115.209812,114.862651,114.862651,0
1700122460000,114.862651,114.929738,114.664800,114.929738,0
1700122520000,114.929738,115.037242,114.860631,115.037242,0
1700122580000,115.037242,115.041500,114.772920,114.895842,0
1700122640000,114.895842,114.927393,114.730277,114.876956,0
1700122700000,114.876956,114.923402,114.733877,114.877205,0
1700122760000,114.877205,115.133007,114.866058,115.133007,0
1700122820000,115.133007,115.599347,115.081687,115.599347,0
1700122880000,115.599347,115.745131,115.422896,115.472014,0
1700122940000,115.472014,116.159134,115.472014,116.159134,0
1700123000000,116.159134,116.287898,115.947034,115.947034,0
1700123060000,115.947034,116.151697,115.946455,115.946455,0
1700123120000,115.946455,116.091980,115.759321,115.799523,0
1700123180000,115.799523,115.872378,115.615700,115.719997,0
1700123240000,115.719997,115.896288,115.677237,115.844083,0
1700123300000,115.844083,115.844083,115.408853,115.613253,0
1700123360000,115.613253,115.749377,115.362195,115.453664,0
1700123420000,115.453664,115.870571,115.453664,115.772039,0
1700123480000,115.772039,115.949251,115.750954,115.794267,0
1700123540000,115.794267,115.794267,115.381335,115.389950,0
1700123600000,115.389950,115.428573,114.942484,115.038680,0
1700123660000,115.038680,115.374681,114.967760,115.285405,0
1700123720000,115.285405,115.320964,115.109310,115.219459,0
1700123780000,115.219459,115.463594,115.163764,115.337708,0
1700123840000,115.337708,115.908160,115.323167,115.843259,0
1700123900000,115.843259,115.889998,115.617094,115.630492,0
1700123960000,115.630492,115.756327,115.478498,115.699731,0
1700124020000,115.699731,115.732086,115.466856,115.639785,0
1700124080000,115.639785,115.936522,115.564161,115.911034,0
1700124140000,115.911034,115.971249,115.691556,115.872050,0
1700124200000,115.872050,116.206529,115.799163,116.206529,0
1700124260000,116.206529,116.206529,115.976096,115.976096,0
1700124320000,115.976096,116.088888,115.913178,116.088888,0
1700124380000,116.088888,116.344551,116.088888,116.164185,0
1700124440000,116.164185,116.276226,116.064311,116.260759,0
1700124500000,116.260759,116.315206,115.823519,115.990744,0
1700124560000,115.990744,116.150989,115.969056,116.148413,0
1700124620000,116.148413,116.148413,115.669045,115.714746,0
1700124680000,115.714746,115.769528,115.577812,115.736345,0
1700124740000,115.736345,116.024333,115.681360,116.024333,0
1700124800000,116.024333,116.024333,115.725414,115.819724,0
1700124860000,115.819724,115.985485,115.807654,115.968136,0
1700124920000,115.968136,116.026923,115.752953,115.853023,0
1700124980000,115.853023,115.900622,115.629622,115.829872,0
1700125040000,115.829872,115.868083,115.330970,115.333205,0
1700125100000,115.333205,115.373670,115.182683,115.361960,0
1700125160000,115.361960,115.770843,115.311976,115.705900,0
1700125220000,115.705900,115.870858,115.681660,115.688182,0
1700125280000,115.688182,115.862967,115.541395,115.587075,0
1700125340000,115.587075,115.777992,115.533202,115.533202,0
1700125400000,115.533202,115.605497,115.364959,115.542284,0
1700125460000,115.542284,115.881120,115.542284,115.744848,0
1700125520000,115.744848,115.955446,115.725479,115.725479,0
1700125580000,115.725479,115.940347,115.649050,115.843209,0
1700125640000,115.843209,116.069274,115.764390,115.764390,0
1700125700000,115.764390,115.793771,115.615052,115.741650,0
1700125760000,115.741650,115.741650,114.955400,114.955400,0
1700125820000,114.955400,115.152559,114.840194,115.115308,0
1700125880000,115.115308,115.216494,114.947932,114.947932,0
1700125940000,114.947932,115.185597,114.903637,115.185597,0
1700126000000,115.185597,115.276976,114.948604,115.209665,0
1700126060000,115.209665,115.282184,114.970760,115.201775,0
1700126120000,115.201775,115.378324,115.107616,115.378324,0
1700126180000,115.378324,115.640402,115.272687,115.612131,0
1700126240000,115.612131,115.826159,115.612131,115.706876,0
1700126300000,115.706876,115.731660,115.456294,115.456294,0
1700126360000,115.456294,115.476673,115.308739,115.308739,0
1700126420000,115.308739,115.335893,115.004602,115.004602,0
1700126480000,115.004602,115.193580,115.002897,115.085484,0
1700126540000,115.085484,115.085484,114.685797,114.685797,0
1700126600000,114.685797,114.686357,114.571837,114.571837,0
1700126660000,114.571837,114.807759,114.514375,114.611208,0
1700126720000,114.611208,115.108996,114.461807,115.108996,0
1700126780000,115.108996,115.277536,115.108996,115.193304,0
1700126840000,115.193304,115.335574,115.174020,115.291641,0
1700126900000,115.291641,115.291641,114.915582,114.955845,0
1700126960000,114.955845,115.167228,114.915017,115.070858,0
1700127020000,115.070858,115.181622,114.913811,115.113391,0
1700127080000,115.113391,115.430420,115.113391,115.354933,0
1700127140000,115.354933,115.489829,115.218147,115.477836,0
1700127200000,115.477836,115.566639,115.299958,115.299958,0
1700127260000,115.299958,115.458516,115.035129,115.102991,0
1700127320000,115.102991,115.102991,114.873894,114.892539,0
1700127380000,114.892539,115.048147,114.750634,114.773739,0
1700127440000,114.773739,115.123494,114.768600,115.121555,0
1700127500000,115.121555,115.253267,114.946092,115.112533,0
1700127560000,115.112533,115.112533,114.670703,114.670703,0
1700127620000,114.670703,114.817460,114.530757,114.535182,0
1700127680000,114.535182,114.626375,114.497303,114.588424,0
1700127740000,114.588424,114.827970,114.520397,114.816294,0
1700127800000,114.816294,115.254548,114.816294,115.254548,0
1700127860000,115.254548,115.483840,115.234754,115.452819,0
1700127920000,115.452819,115.452819,115.063353,115.078235,0
1700127980000,115.078235,115.174725,114.751814,114.751814,0
1700128040000,114.751814,114.860918,114.527583,114.580488,0
1700128100000,114.580488,114.795757,114.564469,114.795757,0
1700128160000,114.795757,115.130507,114.767388,115.023830,0
1700128220000,115.023830,115.063914,114.743142,114.831777,0
1700128280000,114.831777,114.831777,114.412813,114.593313,0
1700128340000,114.593313,114.598470,114.451639,114.535491,0
1700128400000,114.535491,114.540726,114.158890,114.269386,0
1700128460000,114.269386,114.269386,113.868174,114.124572,0
1700128520000,114.124572,114.810256,114.119666,114.713547,0
1700128580000,114.713547,114.747943,114.317513,114.317513,0
1700128640000,114.317513,114.795794,114.317513,114.755081,0
1700128700000,114.755081,115.116721,114.748447,115.010865,0
1700128760000,115.010865,115.196406,114.970353,115.115511,0
1700128820000,115.115511,115.244290,115.095012,115.199976,0
1700128880000,115.199976,115.448214,115.175243,115.175243,0
1700128940000,115.175243,115.175243,114.781164,114.781164,0
1700129000000,114.781164,115.059712,114.752196,115.038681,0
1700129060000,115.038681,115.297775,115.008504,115.297775,0
1700129120000,115.297775,115.633939,115.297775,115.401406,0
1700129180000,115.401406,115.598396,115.330427,115.598396,0
1700129240000,115.598396,115.729760,115.466869,115.678124,0
1700129300000,115.678124,115.681137,115.348747,115.401299,0
1700129360000,115.401299,115.527312,115.401299,115.445213,0
1700129420000,115.445213,115.445213,115.150225,115.150225,0
1700129480000,115.150225,115.273564,114.987247,114.987247,0
1700129540000,114.987247,115.246658,114.894319,115.155243,0
1700129600000,115.155243,115.231324,114.807240,114.807240,0
1700129660000,114.807240,114.913936,114.749266,114.812218,0
1700129720000,114.812218,114.987134,114.634424,114.689674,0
1700129780000,114.689674,114.921125,114.554379,114.572987,0
1700129840000,114.572987,114.849462,114.572987,114.760708,0
1700129900000,114.760708,114.821382,114.597829,114.821382,0
1700129960000,114.821382,114.960592,114.756587,114.762425,0
1700130020000,114.762425,114.828959,114.572254,114.717134,0
1700130080000,114.717134,114.886618,114.552414,114.620930,0
1700130140000,114.620930,114.860980,114.510992,114.815957,0
1700130200000,114.815957,114.969272,114.642069,114.969272,0
1700130260000,114.969272,114.972603,114.728119,114.957994,0
1700130320000,114.957994,115.061099,114.855531,115.049785,0
1700130380000,115.049785,115.179441,114.872841,115.179441,0
1700130440000,115.179441,115.399365,115.126522,115.219293,0
1700130500000,115.219293,115.261752,114.957963,114.969808,0
1700130560000,114.969808,114.969808,114.710109,114.862821,0
1700130620000,114.862821,114.926414,114.587934,114.587934,0
1700130680000,114.587934,114.841846,114.523571,114.593497,0
1700130740000,114.593497,114.593497,114.352470,114.383964,0
1700130800000,114.383964,114.578000,114.383964,114.511946,0
1700130860000,114.511946,114.867975,114.511946,114.801995,0
1700130920000,114.801995,114.908865,114.598521,114.615963,0
1700130980000,114.615963,114.843196,114.461417,114.802531,0
1700131040000,114.802531,114.814466,114.502567,114.502567,0
1700131100000,114.502567,114.748486,114.396220,114.630106,0
1700131160000,114.630106,114.715839,114.413574,114.471834,0
1700131220000,114.471834,114.538059,114.267918,114.342809,0
1700131280000,114.342809,114.458759,114.177860,114.309554,0
1700131340000,114.309554,114.470358,114.288924,114.470358,0
1700131400000,114.470358,114.470358,114.191151,114.344702,0
1700131460000,114.344702,114.458935,114.230254,114.230254,0
1700131520000,114.230254,114.272449,114.091036,114.207982,0
1700131580000,114.207982,114.237307,114.057427,114.098349,0
1700131640000,114.098349,114.176011,113.875789,113.875789,0
1700131700000,113.875789,113.902629,113.566184,113.566184,0
1700131760000,113.566184,113.657366,113.492339,113.557297,0
1700131820000,113.557297,113.594633,113.437404,113.581235,0
1700131880000,113.581235,113.653205,113.351216,113.394282,0
1700131940000,113.394282,113.525141,113.292891,113.402332,0
1700132000000,113.402332,113.762863,113.384870,113.536358,0
1700132060000,113.536358,113.600919,113.283357,113.470152,0
1700132120000,113.470152,113.576811,113.350838,113.443226,0
1700132180000,113.443226,113.736419,113.406822,113.406822,0
1700132240000,113.406822,113.917177,113.292796,113.831985,0
1700132300000,113.831985,114.138263,113.831985,114.138263,0
1700132360000,114.138263,114.425360,114.138263,114.410444,0
1700132420000,114.410444,114.410444,114.255530,114.387597,0
1700132480000,114.387597,114.500133,114.206565,114.206565,0
1700132540000,114.206565,114.266830,114.047020,114.157267,0
1700132600000,114.157267,114.157267,113.630458,113.630458,0
1700132660000,113.630458,113.634787,113.289569,113.387274,0
1700132720000,113.387274,113.641499,113.344730,113.593649,0
1700132780000,113.593649,113.721158,113.357136,113.357136,0
1700132840000,113.357136,113.512873,113.273575,113.478919,0
1700132900000,113.478919,113.513300,113.202249,113.260298,0
1700132960000,113.260298,113.815980,113.260298,113.815980,0
1700133020000,113.815980,114.348556,113.815980,114.229258,0
1700133080000,114.229258,114.422352,114.078014,114.078014,0
1700133140000,114.078014,114.078014,113.659117,113.723675,0
1700133200000,113.723675,113.782551,113.485015,113.609031,0
1700133260000,113.609031,113.849820,113.601310,113.720762,0
1700133320000,113.720762,114.149708,113.720762,114.078141,0
1700133380000,114.078141,114.092228,113.732183,113.810470,0
1700133440000,113.810470,114.064203,113.635416,113.635416,0
1700133500000,113.635416,113.646323,113.432238,113.480367,0
1700133560000,113.480367,113.882113,113.480367,113.882113,0
1700133620000,113.882113,114.139107,113.882113,113.919134,0
1700133680000,113.919134,113.983743,113.622695,113.659812,0
1700133740000,113.659812,113.735596,113.552631,113.587282,0
1700133800000,113.587282,113.642802,113.466278,113.577541,0
1700133860000,113.577541,113.712697,113.388359,113.388359,0
1700133920000,113.388359,113.522288,113.296906,113.410134,0
1700133980000,113.410134,113.508771,113.310245,113.508771,0
1700134040000,113.508771,113.548409,113.296834,113.548409,0
1700134100000,113.548409,113.624004,113.392937,113.606192,0
1700134160000,113.606192,114.018686,113.545891,114.018686,0
1700134220000,114.018686,114.110864,113.853112,113.956555,0
1700134280000,113.956555,114.243112,113.956555,114.233880,0
1700134340000,114.233880,114.544240,114.233880,114.400382,0
1700134400000,114.400382,114.524909,114.380767,114.514832,0
1700134460000,114.514832,114.835133,114.467727,114.835133,0
1700134520000,114.835133,114.901653,114.603039,114.856809,0
1700134580000,114.856809,115.234166,114.843853,115.234166,0
1700134640000,115.234166,115.234166,114.746207,114.853449,0
1700134700000,114.853449,115.086156,114.730668,114.730668,0
1700134760000,114.730668,114.833046,114.518543,114.646367,0
1700134820000,114.646367,114.792060,114.504653,114.572312,0
1700134880000,114.572312,114.627957,114.324950,114.364901,0
1700134940000,114.364901,114.654032,114.351243,114.552115,0
1700135000000,114.552115,114.667013,114.418308,114.418308,0
1700135060000,114.418308,114.521398,114.363217,114.509827,0
1700135120000,114.509827,114.509827,114.238428,114.248435,0
1700135180000,114.248435,114.566408,114.248435,114.566408,0
1700135240000,114.566408,114.813278,114.563126,114.813278,0
1700135300000,114.813278,115.018105,114.802729,114.962963,0
1700135360000,114.962963,115.046701,114.862476,114.938189,0
1700135420000,114.938189,114.958594,114.731771,114.731771,0
1700135480000,114.731771,114.830566,114.312926,114.367569,0
1700135540000,114.367569,114.547643,114.335185,114.384720,0
1700135600000,114.384720,114.766829,114.271585,114.559655,0
1700135660000,114.559655,114.827280,114.534693,114.546836,0
1700135720000,114.546836,115.141490,114.501326,115.008323,0
1700135780000,115.008323,115.182075,114.978004,115.079364,0
1700135840000,115.079364,115.402671,115.079364,115.367997,0
1700135900000,115.367997,115.432324,115.227998,115.227998,0
1700135960000,115.227998,116.129445,115.227998,116.102547,0
1700136020000,116.102547,116.213470,115.986604,116.156879,0
1700136080000,116.156879,116.367664,116.127041,116.313043,0
1700136140000,116.313043,116.562958,116.163818,116.562958,0
1700136200000,116.562958,116.886339,116.562958,116.886339,0
1700136260000,116.886339,117.083264,116.754862,116.988255,0
1700136320000,116.988255,117.218979,116.988255,117.172608,0
1700136380000,117.172608,117.172608,116.614913,116.686440,0
1700136440000,116.686440,116.874098,116.601619,116.874098,0
1700136500000,116.874098,117.243998,116.874098,117.220588,0
1700136560000,117.220588,117.330378,117.065431,117.193477,0
1700136620000,117.193477,117.252904,117.003912,117.080186,0
1700136680000,117.080186,117.179891,116.963426,117.055693,0
1700136740000,117.055693,117.150118,116.863850,117.043577,0
1700136800000,117.043577,117.321214,116.911949,116.911949,0
1700136860000,116.911949,117.291089,116.891694,117.291089,0
1700136920000,117.291089,117.330417,117.115935,117.115935,0
1700136980000,117.115935,117.347407,117.074769,117.301968,0
1700137040000,117.301968,117.301968,116.963050,116.963050,0
1700137100000,116.963050,117.197257,116.914920,117.127477,0
1700137160000,117.127477,117.361321,116.894794,117.361321,0
1700137220000,117.361321,117.361321,117.071998,117.221583,0
1700137280000,117.221583,117.221583,116.938413,117.097316,0
1700137340000,117.097316,117.227249,117.054825,117.143566,0
1700137400000,117.143566,117.371265,117.143566,117.321525,0
1700137460000,117.321525,117.321525,116.830914,117.003764,0
1700137520000,117.003764,117.011654,116.676239,116.688324,0
1700137580000,116.688324,116.711752,116.310057,116.310057,0
1700137640000,116.310057,116.460089,116.249618,116.322643,0
1700137700000,116.322643,116.485922,116.098598,116.203199,0
1700137760000,116.203199,116.352700,116.136683,116.147995,0
1700137820000,116.147995,116.393108,116.011959,116.045232,0
1700137880000,116.045232,116.045232,115.836561,115.882073,0
1700137940000,115.882073,116.018607,115.755078,115.755078,0
1700138000000,115.755078,116.082682,115.750829,116.082682,0
1700138060000,116.082682,116.109226,115.769670,116.097048,0
1700138120000,116.097048,116.137890,115.895562,116.008537,0
1700138180000,116.008537,116.093396,115.963038,115.986930,0
1700138240000,115.986930,116.216691,115.907870,115.907870,0
1700138300000,115.907870,115.937693,115.755500,115.763114,0
1700138360000,115.763114,115.873557,115.601142,115.604878,0
1700138420000,115.604878,115.604878,115.260221,115.381953,0
1700138480000,115.381953,115.418658,115.188801,115.188801,0
1700138540000,115.188801,115.543508,115.173420,115.543508,0
1700138600000,115.543508,115.543508,115.125426,115.291289,0
1700138660000,115.291289,115.418199,115.209916,115.335135,0
1700138720000,115.335135,115.401497,115.245321,115.348702,0
1700138780000,115.348702,115.348702,114.986802,115.249943,0
1700138840000,115.249943,115.431639,115.189583,115.351129,0
1700138900000,115.351129,115.413768,115.206482,115.344264,0
1700138960000,115.344264,115.344264,115.143855,115.276472,0
1700139020000,115.276472,115.422761,115.205306,115.205306,0
1700139080000,115.205306,115.452426,115.140232,115.401654,0
1700139140000,115.401654,115.533934,115.281733,115.285166,0
1700139200000,115.285166,115.480312,115.170539,115.236464,0
1700139260000,115.236464,115.418091,115.147141,115.147141,0
1700139320000,115.147141,115.278188,115.133776,115.136388,0
1700139380000,115.136388,115.375051,115.129767,115.151997,0
1700139440000,115.151997,115.151997,114.875001,114.875001,0
1700139500000,114.875001,115.257394,114.834407,115.226483,0
1700139560000,115.226483,115.226483,114.982249,115.118109,0
1700139620000,115.118109,115.118109,114.947848,115.009493,0
1700139680000,115.009493,115.053466,114.786450,114.950041,0
1700139740000,114.950041,115.120288,114.864200,115.120288,0
1700139800000,115.120288,115.241351,115.041310,115.241351,0
1700139860000,115.241351,115.400958,115.166922,115.166922,0
1700139920000,115.166922,115.236545,115.104005,115.117191,0
1700139980000,115.117191,115.267430,114.946598,115.017574,0
1700140040000,115.017574,115.017574,114.637221,114.637221,0
1700140100000,114.637221,114.637221,114.308304,114.376463,0
1700140160000,114.376463,114.533506,114.316858,114.472620,0
1700140220000,114.472620,114.713340,114.402058,114.679780,0
1700140280000,114.679780,114.887364,114.515313,114.887364,0
1700140340000,114.887364,114.933885,114.752533,114.807698,0
1700140400000,114.807698,114.875434,114.677712,114.677712,0
1700140460000,114.677712,114.683263,114.317438,114.325204,0
1700140520000,114.325204,114.336177,113.967561,113.981001,0
1700140580000,113.981001,114.064503,113.809546,114.064503,0
1700140640000,114.064503,114.333078,113.976136,114.333078,0
1700140700000,114.333078,114.348378,114.006028,114.081649,0
1700140760000,114.081649,114.425827,114.080212,114.221133,0
1700140820000,114.221133,114.221133,113.906648,114.156811,0
1700140880000,114.156811,114.493025,114.156811,114.450755,0
1700140940000,114.450755,114.499449,114.319436,114.409083,0
1700141000000,114.409083,114.549747,114.340149,114.521670,0
1700141060000,114.521670,114.751155,114.499615,114.592588,0
1700141120000,114.592588,115.075769,114.592588,114.995219,0
1700141180000,114.995219,115.196455,114.995219,115.133198,0
1700141240000,115.133198,115.133198,114.700212,114.700212,0
1700141300000,114.700212,114.720689,114.284330,114.537351,0
1700141360000,114.537351,114.663645,114.492217,114.662484,0
1700141420000,114.662484,114.883751,114.624429,114.883751,0
1700141480000,114.883751,114.948117,114.600600,114.600600,0
1700141540000,114.600600,114.603302,114.337980,114.357732,0
1700141600000,114.357732,115.032945,114.357732,114.860623,0
1700141660000,114.860623,115.033493,114.827265,114.993698,0
1700141720000,114.993698,115.214320,114.801500,114.821685,0
1700141780000,114.821685,115.004264,114.821685,114.864180,0
1700141840000,114.864180,114.870905,114.512591,114.512591,0
1700141900000,114.512591,114.664259,114.395584,114.664259,0
1700141960000,114.664259,114.841128,114.617168,114.617168,0
1700142020000,114.617168,114.617168,114.163722,114.216924,0
1700142080000,114.216924,114.377836,114.172725,114.311221,0
1700142140000,114.311221,114.580878,114.257533,114.409570,0
1700142200000,114.409570,114.581129,114.339860,114.472609,0
1700142260000,114.472609,114.539229,114.347720,114.508419,0
1700142320000,114.508419,114.508419,113.973620,113.981417,0
1700142380000,113.981417,113.996588,113.705200,113.841991,0
1700142440000,113.841991,114.148629,113.841991,114.124099,0
1700142500000,114.124099,114.124099,113.792766,113.834789,0
1700142560000,113.834789,114.277469,113.834789,114.159255,0
1700142620000,114.159255,114.173126,113.902445,114.029079,0
1700142680000,114.029079,114.223603,113.915451,114.223603,0
1700142740000,114.223603,114.304446,113.964430,114.115019,0
1700142800000,114.115019,114.192050,113.713769,113.786696,0
1700142860000,113.786696,113.892701,113.503041,113.503041,0
1700142920000,113.503041,113.836339,113.479730,113.729935,0
1700142980000,113.729935,113.952116,113.642805,113.952116,0
1700143040000,113.952116,114.083247,113.752901,114.083247,0
1700143100000,114.083247,114.205974,113.906356,113.928098,0
1700143160000,113.928098,114.090732,113.764184,113.829143,0
1700143220000,113.829143,114.035004,113.701773,113.856170,0
1700143280000,113.856170,114.142968,113.711904,113.797920,0
1700143340000,113.797920,113.797920,113.485235,113.508611,0
1700143400000,113.508611,113.800717,113.507020,113.624438,0
1700143460000,113.624438,113.841341,113.556070,113.841341,0
1700143520000,113.841341,114.022112,113.841341,113.994801,0
1700143580000,113.994801,114.129605,113.818749,114.129605,0
1700143640000,114.129605,114.141668,113.627517,113.684566,0
1700143700000,113.684566,113.684566,113.239216,113.239216,0
1700143760000,113.239216,113.503281,113.174161,113.440930,0
1700143820000,113.440930,113.975307,113.440930,113.975307,0
1700143880000,113.975307,114.148762,113.967657,114.077602,0
1700143940000,114.077602,114.265710,114.015221,114.116177,0
1700144000000,114.116177,114.246428,113.968278,114.016834,0
1700144060000,114.016834,114.017952,113.681518,113.681518,0
1700144120000,113.681518,113.775389,113.419851,113.419851,0
1700144180000,113.419851,113.675607,113.419851,113.648366,0
1700144240000,113.648366,113.844186,113.614031,113.693349,0
1700144300000,113.693349,113.815341,113.653289,113.741636,0
1700144360000,113.741636,113.895995,113.558390,113.558390,0
1700144420000,113.558390,113.678417,113.495936,113.523305,0
1700144480000,113.523305,113.531124,113.199580,113.222081,0
1700144540000,113.222081,113.389250,113.100588,113.308522,0
1700144600000,113.308522,113.459766,113.241966,113.397221,0
1700144660000,113.397221,113.712928,113.223608,113.712928,0
1700144720000,113.712928,113.855500,113.465173,113.465173,0
1700144780000,113.465173,113.465173,113.052254,113.148322,0
1700144840000,113.148322,113.331389,113.128065,113.200410,0
1700144900000,113.200410,113.336513,112.826869,112.899247,0
1700144960000,112.899247,113.051741,112.775089,112.775089,0
1700145020000,112.775089,112.916162,112.769797,112.830687,0
1700145080000,112.830687,112.914638,112.452182,112.700008,0
1700145140000,112.700008,112.816531,112.523608,112.523608,0
1700145200000,112.523608,112.523608,111.929211,111.929211,0
1700145260000,111.929211,112.215800,111.917802,112.147131,0
1700145320000,112.147131,112.373076,112.112447,112.373076,0
1700145380000,112.373076,112.381014,112.244217,112.262210,0
1700145440000,112.262210,112.537030,112.262210,112.425910,0
1700145500000,112.425910,112.704234,112.258764,112.601229,0
1700145560000,112.601229,112.657862,112.448826,112.560149,0
1700145620000,112.560149,112.666360,112.380075,112.640988,0
1700145680000,112.640988,112.682868,112.275685,112.275685,0
1700145740000,112.275685,112.556686,112.275685,112.523374,0
1700145800000,112.523374,112.724126,112.510931,112.510931,0
1700145860000,112.510931,112.929746,112.510931,112.929746,0
1700145920000,112.929746,113.159595,112.928095,113.149573,0
1700145980000,113.149573,113.294494,112.983468,113.294494,0
1700146040000,113.294494,113.294494,112.948089,113.190724,0
1700146100000,113.190724,113.364304,113.187964,113.237686,0
1700146160000,113.237686,113.313913,113.021942,113.021942,0
1700146220000,113.021942,113.481188,113.021942,113.335244,0
1700146280000,113.335244,113.335244,113.033569,113.066993,0
1700146340000,113.066993,113.210728,112.723003,112.723003,0
1700146400000,112.723003,112.757995,112.490951,112.490951,0
1700146460000,112.490951,112.490951,112.280239,112.292022,0
1700146520000,112.292022,112.425399,111.800546,111.917357,0
1700146580000,111.917357,111.917357,111.707386,111.759411,0
1700146640000,111.759411,111.759411,111.491488,111.491488,0
1700146700000,111.491488,111.525447,111.056657,111.094022,0
1700146760000,111.094022,111.276350,111.024485,111.276350,0
1700146820000,111.276350,111.454749,111.206388,111.454749,0
1700146880000,111.454749,111.654883,111.454749,111.497725,0
1700146940000,111.497725,111.515934,111.277376,111.472431,0
1700147000000,111.472431,111.625696,111.419410,111.625696,0
1700147060000,111.625696,111.672924,111.440693,111.440693,0
1700147120000,111.440693,111.661614,111.440693,111.654128,0
1700147180000,111.654128,111.654128,111.373046,111.463425,0
1700147240000,111.463425,111.668408,111.426202,111.426202,0
1700147300000,111.426202,111.481773,111.249819,111.249819,0
1700147360000,111.249819,111.330785,111.178352,111.241703,0
1700147420000,111.241703,111.277428,110.967208,111.120649,0
1700147480000,111.120649,111.341932,111.024791,111.308974,0
1700147540000,111.308974,111.433204,111.167995,111.247087,0
1700147600000,111.247087,111.448402,111.237923,111.249375,0
1700147660000,111.249375,111.267898,111.029791,111.047991,0
1700147720000,111.047991,111.456059,110.955307,111.456059,0
1700147780000,111.456059,111.714344,111.445528,111.445528,0
1700147840000,111.445528,111.723883,111.441968,111.723883,0
1700147900000,111.723883,111.723883,111.405427,111.554541,0
1700147960000,111.554541,111.793226,111.549745,111.652967,0
1700148020000,111.652967,111.858488,111.652967,111.774214,0
1700148080000,111.774214,111.982017,111.771367,111.910999,0
1700148140000,111.910999,112.035405,111.847393,111.970504,0
1700148200000,111.970504,111.970504,111.592985,111.708848,0
1700148260000,111.708848,111.708848,111.445715,111.625984,0
1700148320000,111.625984,111.625984,111.393456,111.393456,0
1700148380000,111.393456,111.393456,111.101999,111.137901,0
1700148440000,111.137901,111.235793,110.926480,110.926480,0
1700148500000,110.926480,111.140618,110.896003,111.087775,0
1700148560000,111.087775,111.204404,111.008825,111.008825,0
1700148620000,111.008825,111.064796,110.843310,110.858539,0
1700148680000,110.858539,111.161243,110.777699,111.161243,0
1700148740000,111.161243,111.537658,111.161243,111.300554,0
1700148800000,111.300554,111.446484,111.216091,111.216091,0
1700148860000,111.216091,111.216111,110.889452,110.952756,0
1700148920000,110.952756,111.135377,110.456728,110.512519,0
1700148980000,110.512519,110.808362,110.315328,110.364535,0
1700149040000,110.364535,110.568927,110.181127,110.181127,0
1700149100000,110.181127,110.218647,110.088025,110.125188,0
1700149160000,110.125188,110.250171,109.892644,109.892644,0
1700149220000,109.892644,110.013022,109.624837,109.901590,0
1700149280000,109.901590,110.158114,109.901590,109.915216,0
1700149340000,109.915216,110.009325,109.701536,109.701536,0
1700149400000,109.701536,109.701536,109.181440,109.398527,0
1700149460000,109.398527,109.531297,109.367962,109.490675,0
1700149520000,109.490675,109.768186,109.490675,109.660869,0
1700149580000,109.660869,109.944573,109.643187,109.944573,0
1700149640000,109.944573,109.993286,109.742190,109.779524,0
1700149700000,109.779524,109.791921,109.702019,109.740102,0
1700149760000,109.740102,109.740102,109.135011,109.187980,0
1700149820000,109.187980,109.378221,109.154915,109.365346,0
1700149880000,109.365346,109.447780,109.241130,109.343234,0
1700149940000,109.343234,109.427767,109.155902,109.229177,0
1700150000000,109.229177,109.229177,108.803267,108.803267,0
1700150060000,108.803267,108.803267,108.297123,108.366628,0
1700150120000,108.366628,108.366628,108.125038,108.148946,0
1700150180000,108.148946,108.222042,108.001048,108.127344,0
1700150240000,108.127344,108.321787,108.078801,108.166054,0
1700150300000,108.166054,108.166054,107.904352,107.927535,0
1700150360000,107.927535,108.159086,107.927535,108.151205,0
1700150420000,108.151205,108.186567,107.921693,108.055896,0
1700150480000,108.055896,108.055896,107.795716,107.829918,0
1700150540000,107.829918,108.070266,107.829918,108.070266,0
1700150600000,108.070266,108.187733,107.988399,108.160783,0
1700150660000,108.160783,108.287975,108.052166,108.219470,0
1700150720000,108.219470,108.295241,107.970888,108.213440,0
1700150780000,108.213440,108.643926,108.186238,108.643926,0
1700150840000,108.643926,108.855197,108.595684,108.855197,0
1700150900000,108.855197,108.870895,108.762957,108.840075,0
1700150960000,108.840075,109.323939,108.802055,109.323939,0
1700151020000,109.323939,109.407802,109.238146,109.407802,0
1700151080000,109.407802,109.421809,109.260004,109.419722,0
1700151140000,109.419722,109.647435,109.300020,109.587026,0
1700151200000,109.587026,109.608828,109.028461,109.028461,0
1700151260000,109.028461,109.028461,108.736710,108.924332,0
1700151320000,108.924332,108.998681,108.836350,108.988249,0
1700151380000,108.988249,109.342415,108.988249,109.205191,0
1700151440000,109.205191,109.346125,109.205191,109.315264,0
1700151500000,109.315264,109.331704,109.164704,109.214488,0
1700151560000,109.214488,109.293744,109.093200,109.280453,0
1700151620000,109.280453,109.280453,109.044577,109.049409,0
1700151680000,109.049409,109.127941,108.996555,109.029032,0
1700151740000,109.029032,109.433381,109.029032,109.433381,0
1700151800000,109.433381,109.433381,108.982980,109.010266,0
1700151860000,109.010266,109.141893,108.943353,109.061855,0
1700151920000,109.061855,109.188841,108.929292,109.128260,0
1700151980000,109.128260,109.128260,108.971420,109.065180,0
1700152040000,109.065180,109.174186,108.976447,109.001059,0
1700152100000,109.001059,109.191098,109.001059,109.076102,0
1700152160000,109.076102,109.076102,108.823822,108.947302,0
1700152220000,108.947302,109.090810,108.947302,109.013769,0
1700152280000,109.013769,109.185795,109.013769,109.049001,0
1700152340000,109.049001,109.106611,108.966854,109.027027,0
1700152400000,109.027027,109.036640,108.559924,108.634916,0
1700152460000,108.634916,109.094946,108.634916,109.094340,0
1700152520000,109.094340,109.351481,109.034855,109.260460,0
1700152580000,109.260460,109.537009,109.260460,109.412552,0
1700152640000,109.412552,109.557552,109.306101,109.384332,0
1700152700000,109.384332,109.672162,109.384332,109.577339,0
1700152760000,109.577339,109.587778,109.184389,109.238109,0
1700152820000,109.238109,109.353081,109.119223,109.154694,0
1700152880000,109.154694,109.382867,109.154694,109.218266,0
1700152940000,109.218266,109.628571,109.188193,109.612207,0
1700153000000,109.612207,109.717771,109.563027,109.701276,0
1700153060000,109.701276,109.829707,109.607588,109.724193,0
1700153120000,109.724193,109.798259,109.450503,109.785585,0
1700153180000,109.785585,109.912989,109.611330,109.729202,0
1700153240000,109.729202,109.894304,109.706307,109.763289,0
1700153300000,109.763289,110.222022,109.763289,110.132858,0
1700153360000,110.132858,110.235621,109.997440,110.115060,0
1700153420000,110.115060,110.173440,110.034098,110.093293,0
1700153480000,110.093293,110.349634,109.977417,110.290274,0
1700153540000,110.290274,110.541592,110.290274,110.536984,0
1700153600000,110.536984,110.686071,110.362729,110.362729,0
1700153660000,110.362729,110.370272,110.103693,110.241084,0
1700153720000,110.241084,110.395925,110.204156,110.341271,0
1700153780000,110.341271,110.366164,110.147692,110.147692,0
1700153840000,110.147692,110.359009,110.138771,110.335052,0
1700153900000,110.335052,110.422292,110.264575,110.302725,0
1700153960000,110.302725,110.467079,110.139789,110.139789,0
1700154020000,110.139789,110.304927,110.044204,110.089564,0
1700154080000,110.089564,110.237629,110.012826,110.131298,0
1700154140000,110.131298,110.376938,110.026220,110.308017,0
1700154200000,110.308017,110.531758,110.177326,110.177326,0
1700154260000,110.177326,110.213719,109.910567,110.184916,0
1700154320000,110.184916,110.192753,109.616202,109.878268,0
1700154380000,109.878268,109.886208,109.642380,109.870019,0
1700154440000,109.870019,110.058001,109.810534,109.865918,0
1700154500000,109.865918,110.077483,109.845138,110.077483,0
1700154560000,110.077483,110.090433,109.778134,109.939339,0
1700154620000,109.939339,109.943962,109.716785,109.779179,0
1700154680000,109.779179,109.830780,109.568474,109.754611,0
1700154740000,109.754611,109.919974,109.754611,109.891565,0
1700154800000,109.891565,110.052759,109.814230,109.996686,0
1700154860000,109.996686,110.257860,109.972707,110.092313,0
1700154920000,110.092313,110.226160,109.976767,110.226160,0
1700154980000,110.226160,110.226160,110.024913,110.114057,0
1700155040000,110.114057,110.347007,110.113714,110.284516,0
1700155100000,110.284516,110.458989,110.242352,110.435025,0
1700155160000,110.435025,110.461083,110.266167,110.266167,0
1700155220000,110.266167,110.302465,109.864616,109.889489,0
1700155280000,109.889489,110.059875,109.807293,110.016242,0
1700155340000,110.016242,110.016242,109.557695,109.669863,0
1700155400000,109.669863,109.776533,109.632925,109.750427,0
1700155460000,109.750427,109.807612,109.639625,109.639625,0
1700155520000,109.639625,109.890077,109.406089,109.406089,0
1700155580000,109.406089,109.653671,109.383315,109.496078,0
1700155640000,109.496078,109.522705,109.185105,109.280346,0
1700155700000,109.280346,109.484093,109.193907,109.216287,0
1700155760000,109.216287,109.216287,108.792915,108.833821,0
1700155820000,108.833821,109.035663,108.723782,109.035663,0
1700155880000,109.035663,109.052255,108.563674,108.563674,0
1700155940000,108.563674,108.674771,108.490973,108.527963,0
1700156000000,108.527963,108.543715,108.095050,108.212885,0
1700156060000,108.212885,108.300535,108.080066,108.192525,0
1700156120000,108.192525,108.408601,108.162914,108.162914,0
1700156180000,108.162914,108.227535,108.070569,108.070569,0
1700156240000,108.070569,108.070569,107.841291,107.867444,0
1700156300000,107.867444,107.867444,107.420565,107.457249,0
1700156360000,107.457249,107.457249,107.162427,107.191483,0
1700156420000,107.191483,107.197303,107.042667,107.132546,0
1700156480000,107.132546,107.602358,107.132546,107.602358,0
1700156540000,107.602358,107.725636,107.581625,107.725636,0
1700156600000,107.725636,107.788635,107.465126,107.684128,0
1700156660000,107.684128,107.926171,107.684128,107.827348,0
1700156720000,107.827348,107.994298,107.770956,107.900550,0
1700156780000,107.900550,107.946678,107.785985,107.946678,0
1700156840000,107.946678,108.090607,107.826563,108.090607,0
1700156900000,108.090607,108.270035,108.090607,108.270035,0
1700156960000,108.270035,108.276402,107.741656,107.741656,0
1700157020000,107.741656,107.750418,107.507137,107.635082,0
1700157080000,107.635082,107.646942,107.330259,107.377399,0
1700157140000,107.377399,107.694097,107.377399,107.511050,0
1700157200000,107.511050,107.511050,107.058442,107.058442,0
1700157260000,107.058442,107.169103,106.654108,106.654108,0
1700157320000,106.654108,106.712903,106.406195,106.690216,0
1700157380000,106.690216,106.813689,106.557515,106.557515,0
1700157440000,106.557515,106.711551,106.551021,106.579424,0
1700157500000,106.579424,106.625741,106.458494,106.458494,0
1700157560000,106.458494,106.843735,106.412046,106.843735,0
1700157620000,106.843735,106.865350,106.705343,106.739143,0
1700157680000,106.739143,106.739143,106.619331,106.653196,0
1700157740000,106.653196,106.803362,106.461191,106.803362,0
1700157800000,106.803362,106.803362,106.516940,106.744513,0
1700157860000,106.744513,106.744513,106.488364,106.582399,0
1700157920000,106.582399,106.582399,106.357256,106.357256,0
1700157980000,106.357256,106.474065,106.323068,106.474065,0
1700158040000,106.474065,106.561840,106.430861,106.459471,0
1700158100000,106.459471,106.515887,106.209742,106.230143,0
1700158160000,106.230143,106.230731,105.954395,105.954395,0
1700158220000,105.954395,106.356267,105.954395,106.313302,0
1700158280000,106.313302,106.313302,106.011334,106.252291,0
1700158340000,106.252291,106.252291,105.850622,106.014565,0
1700158400000,106.014565,106.120831,105.925657,106.005295,0
1700158460000,106.005295,106.005295,105.656774,105.656774,0
1700158520000,105.656774,105.981262,105.591764,105.911956,0
1700158580000,105.911956,105.977662,105.757107,105.791274,0
1700158640000,105.791274,105.791274,105.406365,105.406365,0
1700158700000,105.406365,105.604942,105.406365,105.576121,0
1700158760000,105.576121,105.591723,105.397668,105.463211,0
1700158820000,105.463211,105.463211,105.084616,105.293377,0
1700158880000,105.293377,105.365105,105.190050,105.306705,0
1700158940000,105.306705,105.401967,105.157571,105.284470,0
1700159000000,105.284470,105.316398,105.106519,105.167189,0
1700159060000,105.167189,105.224344,105.005639,105.069879,0
1700159120000,105.069879,105.138692,104.887277,104.887277,0
1700159180000,104.887277,104.958544,104.686712,104.710220,0
1700159240000,104.710220,104.955976,104.710220,104.831619,0
1700159300000,104.831619,104.964043,104.628014,104.952059,0
1700159360000,104.952059,105.060005,104.830318,105.060005,0
1700159420000,105.060005,105.070503,104.803927,104.832392,0
1700159480000,104.832392,104.889427,104.614286,104.648806,0
1700159540000,104.648806,104.922120,104.648806,104.861169,0
1700159600000,104.861169,105.131797,104.846022,105.044485,0
1700159660000,105.044485,105.044485,104.580930,104.717202,0
1700159720000,104.717202,105.011947,104.706476,105.011947,0
1700159780000,105.011947,105.145377,104.954161,105.043319,0
1700159840000,105.043319,105.121865,104.982545,104.982545,0
1700159900000,104.982545,105.084353,104.878575,104.960919,0
1700159960000,104.960919,105.281072,104.860893,105.224617,0
1700160020000,105.224617,105.240398,104.900252,105.090270,0
1700160080000,105.090270,105.213192,105.024278,105.024278,0
1700160140000,105.024278,105.121921,104.845067,104.923406,0
1700160200000,104.923406,104.950969,104.563295,104.563295,0
1700160260000,104.563295,104.705877,104.531829,104.608015,0
1700160320000,104.608015,104.734282,104.358101,104.358101,0
1700160380000,104.358101,104.614450,104.358101,104.494031,0
1700160440000,104.494031,104.623019,104.375200,104.375200,0
1700160500000,104.375200,104.490271,104.334959,104.419440,0
1700160560000,104.419440,104.662772,104.352891,104.359005,0
1700160620000,104.359005,104.559693,104.340780,104.541180,0
1700160680000,104.541180,104.870288,104.487557,104.865623,0
1700160740000,104.865623,104.871754,104.723602,104.806984,0
1700160800000,104.806984,105.034090,104.740724,105.034090,0
1700160860000,105.034090,105.341740,105.010029,105.341740,0
1700160920000,105.341740,105.341740,104.995374,105.177174,0
1700160980000,105.177174,105.362734,105.151981,105.325856,0
1700161040000,105.325856,105.325856,105.029727,105.032197,0
1700161100000,105.032197,105.117565,104.864491,105.059699,0
1700161160000,105.059699,105.128977,104.917848,105.010396,0
1700161220000,105.010396,105.300830,104.880563,105.300830,0
1700161280000,105.300830,105.614581,105.246461,105.551844,0
1700161340000,105.551844,105.836645,105.478261,105.836645,0
1700161400000,105.836645,105.836645,105.505810,105.595323,0
1700161460000,105.595323,105.617424,105.350220,105.353576,0
1700161520000,105.353576,105.387864,105.082694,105.216105,0
1700161580000,105.216105,105.412694,105.216105,105.248806,0
1700161640000,105.248806,105.248806,104.791987,104.850856,0
1700161700000,104.850856,104.858262,104.554677,104.554677,0
1700161760000,104.554677,104.839348,104.530453,104.733643,0
1700161820000,104.733643,104.750165,104.499993,104.525826,0
1700161880000,104.525826,104.635909,104.435698,104.440419,0
1700161940000,104.440419,104.476497,104.321455,104.348150,0
1700162000000,104.348150,104.418486,103.909374,103.909374,0
1700162060000,103.909374,103.956474,103.633525,103.839819,0
1700162120000,103.839819,103.839819,103.619062,103.644596,0
1700162180000,103.644596,103.735168,103.515094,103.515094,0
1700162240000,103.515094,103.538478,103.283472,103.410851,0
1700162300000,103.410851,103.530555,103.219874,103.219874,0
1700162360000,103.219874,103.670885,103.219874,103.667989,0
1700162420000,103.667989,103.809157,103.650874,103.659346,0
1700162480000,103.659346,103.760952,103.638992,103.671352,0
1700162540000,103.671352,103.805895,103.589161,103.758031,0
1700162600000,103.758031,104.114527,103.758031,104.114527,0
1700162660000,104.114527,104.410449,104.114527,104.221761,0
1700162720000,104.221761,104.458116,104.221761,104.404855,0
1700162780000,104.404855,104.594834,104.404855,104.565935,0
1700162840000,104.565935,104.565935,104.401359,104.461179,0
1700162900000,104.461179,104.613473,104.411230,104.590650,0
1700162960000,104.590650,104.850868,104.454682,104.668158,0
1700163020000,104.668158,104.993950,104.668158,104.830746,0
1700163080000,104.830746,104.830746,104.627658,104.728143,0
1700163140000,104.728143,104.971781,104.686849,104.971781,0
1700163200000,104.971781,105.060687,104.756486,104.756486,0
1700163260000,104.756486,104.940657,104.756486,104.827554,0
1700163320000,104.827554,104.959792,104.712783,104.894955,0
1700163380000,104.894955,104.971435,104.756653,104.966759,0
1700163440000,104.966759,105.343510,104.966759,105.277284,0
1700163500000,105.277284,105.665653,105.277284,105.665653,0
1700163560000,105.665653,105.707481,105.313433,105.313433,0
1700163620000,105.313433,105.514392,105.309172,105.317693,0
1700163680000,105.317693,105.577884,105.243916,105.577884,0
1700163740000,105.577884,105.822901,105.577884,105.726306,0
1700163800000,105.726306,106.279542,105.726306,106.241339,0
1700163860000,106.241339,106.241339,105.936218,105.936218,0
1700163920000,105.936218,105.936218,105.759853,105.873747,0
1700163980000,105.873747,105.907579,105.576127,105.576127,0
1700164040000,105.576127,105.687809,105.522874,105.599016,0
1700164100000,105.599016,105.769011,105.566395,105.701205,0
1700164160000,105.701205,105.816845,105.635013,105.652867,0
1700164220000,105.652867,105.978417,105.652867,105.937731,0
1700164280000,105.937731,106.042171,105.790006,106.042171,0
1700164340000,106.042171,106.042171,105.764353,105.832962,0
1700164400000,105.832962,105.951260,105.520385,105.520385,0
1700164460000,105.520385,105.593365,105.394770,105.461453,0
1700164520000,105.461453,105.663312,105.304067,105.596035,0
1700164580000,105.596035,105.596035,105.203543,105.211573,0
1700164640000,105.211573,105.411815,105.211573,105.411815,0
1700164700000,105.411815,105.432580,105.082308,105.193886,0
1700164760000,105.193886,105.477194,105.193886,105.457458,0
1700164820000,105.457458,105.674584,105.424315,105.674584,0
1700164880000,105.674584,105.698468,105.479813,105.605200,0
1700164940000,105.605200,105.605200,105.072275,105.072275,0
1700165000000,105.072275,105.182865,104.909380,105.113577,0
1700165060000,105.113577,105.154624,105.005687,105.146752,0
1700165120000,105.146752,105.173708,105.029551,105.173708,0
1700165180000,105.173708,105.246120,105.031846,105.210513,0
1700165240000,105.210513,105.384946,105.189320,105.207011,0
1700165300000,105.207011,105.360558,105.183477,105.267403,0
1700165360000,105.267403,105.549419,105.252535,105.477081,0
1700165420000,105.477081,105.728626,105.477081,105.547139,0
1700165480000,105.547139,105.656392,105.473799,105.567138,0
1700165540000,105.567138,105.792754,105.507714,105.792754,0
1700165600000,105.792754,105.969520,105.633214,105.633214,0
1700165660000,105.633214,105.760280,105.484355,105.747587,0
1700165720000,105.747587,105.830972,105.568293,105.800404,0
1700165780000,105.800404,105.958043,105.798408,105.798408,0
1700165840000,105.798408,105.863296,105.538595,105.720866,0
1700165900000,105.720866,105.720866,105.495801,105.577860,0
1700165960000,105.577860,105.716137,105.361598,105.521276,0
1700166020000,105.521276,105.600672,105.360315,105.569426,0
1700166080000,105.569426,105.677579,105.519523,105.519523,0
1700166140000,105.519523,105.519523,105.208053,105.470803,0
1700166200000,105.470803,105.470803,105.250116,105.360318,0
1700166260000,105.360318,105.546989,105.360318,105.492376,0
1700166320000,105.492376,105.568788,105.384405,105.568788,0
1700166380000,105.568788,105.849644,105.566984,105.849644,0
1700166440000,105.849644,105.849644,105.465593,105.467477,0
1700166500000,105.467477,105.844244,105.461490,105.844244,0
1700166560000,105.844244,106.056439,105.797245,105.797245,0
1700166620000,105.797245,105.858756,105.696221,105.738493,0
1700166680000,105.738493,105.912403,105.738493,105.846583,0
1700166740000,105.846583,106.064015,105.846583,106.064015,0
1700166800000,106.064015,106.560624,106.064015,106.548767,0
1700166860000,106.548767,106.704494,106.471876,106.681704,0
1700166920000,106.681704,106.738812,106.515998,106.738812,0
1700166980000,106.738812,107.048577,106.738812,107.048577,0
1700167040000,107.048577,107.067382,106.905504,106.991417,0
1700167100000,106.991417,107.027943,106.818136,107.011557,0
1700167160000,107.011557,107.365460,106.980058,107.266867,0
1700167220000,107.266867,107.266867,107.127285,107.250342,0
1700167280000,107.250342,107.252964,107.024445,107.223106,0
1700167340000,107.223106,107.291134,106.827704,106.870448,0
1700167400000,106.870448,106.964503,106.402555,106.402555,0
1700167460000,106.402555,106.710093,106.402555,106.710093,0
1700167520000,106.710093,106.845940,106.665015,106.814638,0
1700167580000,106.814638,106.868625,106.651110,106.656068,0
1700167640000,106.656068,106.731586,106.428035,106.428035,0
1700167700000,106.428035,106.428035,106.071602,106.083882,0
1700167760000,106.083882,106.349471,106.053944,106.303342,0
1700167820000,106.303342,106.509821,106.303342,106.425611,0
1700167880000,106.425611,106.539346,106.293025,106.454861,0
1700167940000,106.454861,106.454861,105.893309,105.893309,0
1700168000000,105.893309,105.893309,105.639689,105.716533,0
1700168060000,105.716533,105.940082,105.549015,105.852384,0
1700168120000,105.852384,106.124945,105.852384,106.087566,0
1700168180000,106.087566,106.087566,105.881571,105.895437,0
1700168240000,105.895437,106.224499,105.895437,106.224499,0
1700168300000,106.224499,106.652830,106.095193,106.652830,0
1700168360000,106.652830,106.652830,106.408784,106.565642,0
1700168420000,106.565642,106.626063,106.268520,106.292896,0
1700168480000,106.292896,106.387969,106.172804,106.172804,0
1700168540000,106.172804,106.600474,106.151361,106.600474,0
1700168600000,106.600474,106.947500,106.600474,106.740997,0
1700168660000,106.740997,106.977585,106.740997,106.977585,0
1700168720000,106.977585,107.154801,106.977585,107.114031,0
1700168780000,107.114031,107.259393,107.069570,107.219254,0
1700168840000,107.219254,107.354427,106.960754,107.318220,0
1700168900000,107.318220,107.527683,107.290294,107.495875,0
1700168960000,107.495875,107.880451,107.495875,107.551304,0
1700169020000,107.551304,107.889692,107.550323,107.889692,0
1700169080000,107.889692,107.889692,107.627834,107.681982,0
1700169140000,107.681982,107.694752,107.328497,107.340158,0
1700169200000,107.340158,107.416172,107.149740,107.200767,0
1700169260000,107.200767,107.234571,106.672207,106.672207,0
1700169320000,106.672207,106.812485,106.592236,106.668403,0
1700169380000,106.668403,106.694004,106.324142,106.492450,0
1700169440000,106.492450,106.943254,106.487450,106.943254,0
1700169500000,106.943254,107.030643,106.908651,106.953774,0
1700169560000,106.953774,107.514375,106.926603,107.514375,0
1700169620000,107.514375,107.624554,107.454667,107.454667,0
1700169680000,107.454667,107.475303,107.250144,107.328374,0
1700169740000,107.328374,107.568764,107.328374,107.520528,0
1700169800000,107.520528,107.520528,107.065976,107.221964,0
1700169860000,107.221964,107.357704,107.139455,107.342957,0
1700169920000,107.342957,107.760644,107.342957,107.660668,0
1700169980000,107.660668,107.916786,107.660668,107.663280,0
1700170040000,107.663280,108.042979,107.663280,108.019698,0
1700170100000,108.019698,108.353071,108.019698,108.222382,0
1700170160000,108.222382,108.433372,108.162768,108.251405,0
1700170220000,108.251405,108.486391,108.251405,108.486391,0
1700170280000,108.486391,108.600580,108.390569,108.390569,0
1700170340000,108.390569,108.710078,108.390569,108.553251,0
1700170400000,108.553251,108.831475,108.553251,108.779624,0
1700170460000,108.779624,108.834069,108.555800,108.834069,0
1700170520000,108.834069,108.899026,108.642070,108.767932,0
1700170580000,108.767932,108.808229,108.562305,108.652398,0
1700170640000,108.652398,108.652398,108.158758,108.158758,0
1700170700000,108.158758,108.162334,108.044521,108.124871,0
1700170760000,108.124871,108.124871,107.540458,107.564418,0
1700170820000,107.564418,107.803778,107.564418,107.697902,0
1700170880000,107.697902,107.800867,107.570679,107.614735,0
1700170940000,107.614735,107.661719,107.498237,107.526335,0
1700171000000,107.526335,107.526335,107.165379,107.165379,0
1700171060000,107.165379,107.286299,107.076720,107.222041,0
1700171120000,107.222041,107.301234,107.025612,107.250244,0
1700171180000,107.250244,107.361987,107.127241,107.299756,0
1700171240000,107.299756,107.362780,107.149951,107.192399,0
1700171300000,107.192399,107.192399,106.934103,106.941213,0
1700171360000,106.941213,107.023936,106.857612,107.022713,0
1700171420000,107.022713,107.053116,106.740503,106.794248,0
1700171480000,106.794248,106.862553,106.460589,106.533519,0
1700171540000,106.533519,106.681410,106.532256,106.581054,0
1700171600000,106.581054,106.823674,106.557179,106.618411,0
1700171660000,106.618411,106.781272,106.567553,106.773840,0
1700171720000,106.773840,107.235823,106.773840,107.235823,0
1700171780000,107.235823,107.235823,106.759346,106.838595,0
1700171840000,106.838595,106.838595,106.476315,106.602878,0
1700171900000,106.602878,106.686329,106.504871,106.644595,0
1700171960000,106.644595,106.679478,106.163585,106.202711,0
1700172020000,106.202711,106.241063,105.937326,105.969938,0
1700172080000,105.969938,106.032161,105.735278,105.837715,0
1700172140000,105.837715,106.209308,105.837715,106.136635,0
1700172200000,106.136635,106.202441,106.008980,106.191743,0
1700172260000,106.191743,106.366769,106.127960,106.246687,0
1700172320000,106.246687,106.249795,106.128112,106.167290,0
1700172380000,106.167290,106.167290,105.900276,105.927598,0
1700172440000,105.927598,105.927598,105.676598,105.750355,0
1700172500000,105.750355,105.928200,105.697678,105.697678,0
1700172560000,105.697678,105.697678,105.345912,105.345912,0
1700172620000,105.345912,105.510482,105.310993,105.457884,0
1700172680000,105.457884,105.566155,105.432569,105.513498,0
1700172740000,105.513498,105.532384,105.289585,105.358833,0
1700172800000,105.358833,105.624514,105.358833,105.624514,0
1700172860000,105.624514,105.839607,105.590045,105.713920,0
1700172920000,105.713920,105.932515,105.547499,105.891807,0
1700172980000,105.891807,106.147746,105.867942,106.147191,0
1700173040000,106.147191,106.163916,105.760525,105.760525,0
1700173100000,105.760525,106.057272,105.680311,105.871026,0
1700173160000,105.871026,105.871026,105.627743,105.660441,0
1700173220000,105.660441,105.832256,105.644309,105.734423,0
1700173280000,105.734423,106.008324,105.734423,105.873888,0
1700173340000,105.873888,105.873888,105.702325,105.786347,0
1700173400000,105.786347,105.991280,105.715612,105.952395,0
1700173460000,105.952395,105.956572,105.648967,105.648967,0
1700173520000,105.648967,105.998815,105.617780,105.998815,0
1700173580000,105.998815,106.097720,105.906732,105.942676,0
1700173640000,105.942676,106.048755,105.887821,105.950340,0
1700173700000,105.950340,106.095353,105.928022,105.983175,0
1700173760000,105.983175,106.108638,105.836697,105.855725,0
1700173820000,105.855725,105.855725,105.419898,105.419898,0
1700173880000,105.419898,105.419898,105.200739,105.200739,0
1700173940000,105.200739,105.313518,105.174044,105.183816,0
1700174000000,105.183816,105.486517,105.049579,105.348337,0
1700174060000,105.348337,105.398803,105.231565,105.348403,0
1700174120000,105.348403,105.553688,105.348403,105.360345,0
1700174180000,105.360345,105.431851,105.319722,105.365035,0
1700174240000,105.365035,105.642000,105.242669,105.573123,0
1700174300000,105.573123,105.604375,105.417600,105.520152,0
1700174360000,105.520152,105.762108,105.261127,105.762108,0
1700174420000,105.762108,105.762108,105.348154,105.348154,0
1700174480000,105.348154,105.537171,105.255871,105.418050,0
1700174540000,105.418050,105.530771,105.373734,105.514458,0
1700174600000,105.514458,105.542879,105.294594,105.402372,0
1700174660000,105.402372,105.571067,105.342389,105.384007,0
1700174720000,105.384007,105.390051,105.213444,105.275570,0
1700174780000,105.275570,105.520794,105.179797,105.396984,0
1700174840000,105.396984,105.527905,105.376584,105.438483,0
1700174900000,105.438483,105.535014,105.377105,105.479622,0
1700174960000,105.479622,105.589174,105.281931,105.281931,0
1700175020000,105.281931,105.376275,105.228685,105.292154,0
1700175080000,105.292154,105.386978,105.207727,105.207727,0
1700175140000,105.207727,105.338426,105.070932,105.289782,0
1700175200000,105.289782,105.413645,105.237169,105.359287,0
1700175260000,105.359287,105.599599,105.340787,105.340787,0
1700175320000,105.340787,105.664747,105.340787,105.574770,0
1700175380000,105.574770,105.676118,105.451719,105.474448,0
1700175440000,105.474448,105.561741,105.399565,105.561741,0
1700175500000,105.561741,105.561741,105.164005,105.233459,0
1700175560000,105.233459,105.309348,105.072384,105.117728,0
1700175620000,105.117728,105.355409,105.032811,105.032811,0
1700175680000,105.032811,105.134811,104.803241,105.134811,0
1700175740000,105.134811,105.214554,104.993893,105.022007,0
1700175800000,105.022007,105.094673,104.866190,104.967764,0
1700175860000,104.967764,104.967764,104.573335,104.573335,0
1700175920000,104.573335,104.697308,104.438075,104.688716,0
1700175980000,104.688716,104.787562,104.508432,104.774506,0
1700176040000,104.774506,104.774506,104.368598,104.397664,0
1700176100000,104.397664,104.525424,104.284134,104.376077,0
1700176160000,104.376077,104.497392,104.334875,104.435448,0
1700176220000,104.435448,104.435448,104.017376,104.192577,0
1700176280000,104.192577,104.444550,104.192577,104.346696,0
1700176340000,104.346696,104.780034,104.346696,104.780034,0
1700176400000,104.780034,105.074410,104.730337,104.842631,0
1700176460000,104.842631,104.842631,104.563919,104.563919,0
1700176520000,104.563919,104.720111,104.495629,104.720111,0
1700176580000,104.720111,104.747778,104.456736,104.456736,0
1700176640000,104.456736,104.542020,104.290302,104.433962,0
1700176700000,104.433962,104.542809,104.372583,104.542809,0
1700176760000,104.542809,104.718395,104.542809,104.718395,0
1700176820000,104.718395,104.772790,104.453178,104.519023,0
1700176880000,104.519023,104.655676,104.453567,104.655676,0
1700176940000,104.655676,104.867879,104.655676,104.779216,0
1700177000000,104.779216,104.779216,104.389350,104.429097,0
1700177060000,104.429097,104.580890,104.422872,104.550745,0
1700177120000,104.550745,104.832585,104.437393,104.749872,0
1700177180000,104.749872,105.162576,104.749872,105.093193,0
1700177240000,105.093193,105.488308,105.093193,105.450276,0
1700177300000,105.450276,105.471391,105.320763,105.386613,0
1700177360000,105.386613,105.433418,105.147936,105.147936,0
1700177420000,105.147936,105.193019,105.044662,105.051796,0
1700177480000,105.051796,105.221962,105.008246,105.008246,0
1700177540000,105.008246,105.089218,104.639967,104.659867,0
1700177600000,104.659867,104.925214,104.591863,104.925214,0
1700177660000,104.925214,105.057492,104.904453,104.956233,0
1700177720000,104.956233,104.956233,104.654976,104.733859,0
1700177780000,104.733859,104.859960,104.657203,104.720615,0
1700177840000,104.720615,104.984485,104.663570,104.776816,0
1700177900000,104.776816,104.817889,104.512545,104.586097,0
1700177960000,104.586097,104.739919,104.472518,104.472518,0
1700178020000,104.472518,104.472518,103.817110,103.851947,0
1700178080000,103.851947,103.944809,103.760785,103.925363,0
1700178140000,103.925363,103.925363,103.675809,103.859544,0
1700178200000,103.859544,103.951630,103.767869,103.912647,0
1700178260000,103.912647,104.338701,103.912647,104.195050,0
1700178320000,104.195050,104.251295,104.070679,104.251295,0
1700178380000,104.251295,104.274481,103.946997,103.946997,0
1700178440000,103.946997,104.092220,103.903506,103.908641,0
1700178500000,103.908641,103.972573,103.691149,103.770445,0
1700178560000,103.770445,103.890902,103.653525,103.730589,0
1700178620000,103.730589,103.765132,103.438861,103.438861,0
1700178680000,103.438861,103.667431,103.438861,103.589980,0
1700178740000,103.589980,103.714064,103.504593,103.575915,0
1700178800000,103.575915,103.813719,103.498105,103.813719,0
1700178860000,103.813719,103.877466,103.747922,103.751590,0
1700178920000,103.751590,103.821258,103.643599,103.643599,0
1700178980000,103.643599,103.920161,103.590934,103.814658,0
1700179040000,103.814658,103.814658,103.485684,103.487263,0
1700179100000,103.487263,103.487263,103.049330,103.049330,0
1700179160000,103.049330,103.126847,102.702060,102.718772,0
1700179220000,102.718772,102.938708,102.718772,102.875428,0
1700179280000,102.875428,102.974019,102.766554,102.766554,0
1700179340000,102.766554,102.963204,102.646283,102.930876,0
1700179400000,102.930876,103.016363,102.722759,102.810050,0
1700179460000,102.810050,103.089831,102.810050,102.854721,0
1700179520000,102.854721,103.101548,102.854721,103.031405,0
1700179580000,103.031405,103.191813,102.948191,103.148463,0
1700179640000,103.148463,103.363199,103.078137,103.292429,0
1700179700000,103.292429,103.734026,103.292429,103.656951,0
1700179760000,103.656951,103.773760,103.498444,103.773760,0
1700179820000,103.773760,103.842714,103.359273,103.421436,0
1700179880000,103.421436,103.507736,103.187599,103.187599,0
1700179940000,103.187599,103.290589,102.965435,103.047401,0
